"viewport","shellWidth","wallLeft","wallRight","sectionWidth","gridColumns","gridGap","docWidth","contactWidth","docPadding","contactPadding","titleSize","titleLineHeight","eyebrowSize","eyebrowLineHeight","formColumns","nameColumns","buttonHeight","inputHeight","textareaHeight","overflowX","evenWalls","cardsAlignedTop","formClean"
"375","351","4.5","19.5","351","1","28px","351","351","34px 36px","34px 36px","22.5px","normal","10.88px","13.056px","277px","277px","44","41.19","132","true","false","false","true"
"390","366","4.5","19.5","366","1","28px","366","366","34px 36px","34px 36px","22.5px","normal","10.88px","13.056px","292px","292px","44","41.19","132","true","false","false","true"
"430","406","4.5","19.5","406","1","28px","406","406","34px 36px","34px 36px","22.5px","normal","10.88px","13.056px","332px","332px","44","41.19","132","true","false","false","true"
"720","681","12","27","681","1","28px","681","681","34px 36px","34px 36px","24px","normal","10.88px","13.056px","607px","607px","44","41.19","132","true","false","false","true"
"768","706.91","23.05","38.05","706.91","1","28px","706.91","706.91","34px 36px","34px 36px","24px","normal","11.2px","12.88px","632.906px","632.906px","44","41.19","132","true","false","false","true"
"820","755.8","24.59","39.61","755.8","1","28px","755.8","755.8","34px 36px","34px 36px","24px","normal","11.395px","13.1043px","681.797px","681.797px","44","41.19","132","true","false","false","true"
"1024","953","28","43","953","1","28px","953","953","34px 36px","34px 36px","24px","normal","12.16px","13.984px","431.5px 431.5px","431.5px 431.5px","44","41.19","132","true","false","false","true"
"1025","937","36.5","51.5","937","2","28px","363.59","545.41","34px 36px","34px 36px","36px","37.8px","12px","15px","227.703px 227.703px","227.703px 227.703px","44.81","41.19","132","true","false","true","true"
"1200","1112","36.5","51.5","1112","2","28px","433.59","650.41","34px 36px","34px 36px","36px","37.8px","12px","15px","280.203px 280.203px","280.203px 280.203px","50.22","41.19","132","true","false","true","true"
"1280","1192","36.5","51.5","1192","2","28px","465.59","698.41","34px 36px","34px 36px","36px","37.8px","12px","15px","304.203px 304.203px","304.203px 304.203px","50.22","41.19","132","true","false","true","true"
"1350","1262","36.5","51.5","1262","2","28px","493.59","740.41","34px 36px","34px 36px","36px","37.8px","12px","15px","325.203px 325.203px","325.203px 325.203px","50.22","41.19","132","true","false","true","true"
"1440","1352","36.5","51.5","1352","2","28px","529.59","794.39","34px 36px","34px 36px","36px","37.8px","12px","15px","352.188px 352.203px","352.188px 352.203px","50.22","41.19","132","true","false","true","true"
"1500","1412","36.5","51.5","1412","2","28px","553.59","830.39","34px 36px","34px 36px","36px","37.8px","12px","15px","370.188px 370.203px","370.188px 370.203px","50.22","41.19","132","true","false","true","true"
"1600","1512","36.5","51.5","1512","2","28px","593.59","890.39","34px 38.4px","34px 38.4px","36px","37.8px","12px","15px","397.797px 397.812px","397.797px 397.812px","50.22","41.19","132","true","false","true","true"
"1920","1680","112.5","127.5","1680","2","28px","660.8","991.19","34px 46.08px","34px 46.08px","40.32px","42.336px","12px","15px","440.516px 440.516px","440.516px 440.516px","50.22","41.19","132","true","false","true","true"
"2200","1880","152.5","167.5","1880","2","28px","740.8","1111.2","34px 52.8px","34px 52.8px","42px","44.1px","12px","15px","493.797px 493.812px","493.797px 493.812px","50.22","41.19","132","true","false","true","true"
"2400","2080","152.5","167.5","2080","2","28px","820.8","1231.2","34px 57.6px","34px 57.6px","42px","44.1px","12px","15px","549px 549.016px","549px 549.016px","50.22","41.19","132","true","false","true","true"
"2560","2240","152.5","167.5","2240","2","28px","884.8","1327.2","34px 58px","34px 58px","42px","44.1px","12px","15px","596.594px 596.609px","596.594px 596.609px","50.22","41.19","132","true","false","true","true"