,,Cuesta,,,,,,,,,,,DEFENSIVE SCALE,,,,,,,,,,,,,,,,,,,,,,,,,,,,,Game #
,,,,,,,,,,,,,Elite,,Strong,,Good,,Fair,,Weak,,Poor,,Liability ,,,,,,,,,,,,,,,,,14
,,,,,,,,,,,,,1.00,,.80 - .99,,.60 - .79,,.40 - .59,,.20 - .39,,.00 - .19,,< 0,,,,,,,,,,,,,,,,,
OVERALL,,GAME SUMMARY,,,,,EXECUTION,,,,,,,,,,,BREAKDOWNS,,,,,,,,,PLAYER NOTES,,,,,,,,,,,,,,,
Player,Minutes Played,Positive Total,Negative Total,Net Performance,PPM,PPM +/- vs. Avg,Hustle Plays,,,Team Defense,,,Rebounding,,,Stops,,Coverage Erorrs,,Team Errors,,Rebounding Errors,,,Foul Issues,,Strengths,,,Improvements,,,Coach Notes,,,,,,,,,
0 - Mia Rivera,26,43,-26,17,0.65,-0.12,6,,,23,,,1,,,1,,5,,7,,,,,,,,,,,,,,,,,,,,,,
2 - Victoria Om,33,40,-20,20,0.61,0.07,6,,,23,,,1,,,1,,,,9,,1,,,,,,,,,,,,,,,,,,,,
11 - Anaya Beard,27,50,-31,19,0.70,0.19,6,,,19,,,5,,,2,,5,,9,,,,,2,,,,,,,,,,,,,,,,,
12 - Aisleigh Canaday,14,17,-25,-8,-0.57,-0.11,3,,,3,,,1,,,2,,4,,6,,1,,,1,,,,,,,,,,,,,,,,,
20 - Faith Ledesma,29,47,-42,5,0.17,-0.14,9,,,18,,,4,,,1,,9,,9,,1,,,,,,,,,,,,,,,,,,,,
21 - Beverly Tandarich,3,5,,5,0.42,0.27,2,,,1,,,,,,,,,,,,,,,,,,,,,,,,,,,,,,,,
22 - Jayleen Rivera,18,31,-4,27,1.00,0.69,5,,,15,,,,,,4,,,,2,,,,,,,,,,,,,,,,,,,,,,
23 - Sophia Boyer,,,,,,,,,,,,,,,,,,,,,,,,,,,,,,,,,,,,,,,,,,
24 - Claudia Solis,,,,,,,,,,,,,,,,,,,,,,,,,,,,,,,,,,,,,,,,,,
25 - Chloe Espinosa,5,5,-15,-10,-1.00,-0.75,1,,,2,,,1,,,,,3,,3,,1,,,,,,,,,,,,,,,,,,,,
30 - Kiki Graham,33,44,-17,27,0.82,-0.18,11,,,20,,,1,,,3,,4,,2,,1,,,,,,,,,,,,,,,,,,,,
40 - Kimberly Limon,12,24,-15,9,0.75,0.02,5,,,10,,,1,,,1,,2,,4,,1,,,,,,,,,,,,,,,,,,,,
Total,200,306,-195,111,0.56,-0.02,54,,,134,,,15,,,15,,32,,51,,6,,,3,,,,,,,,,,,,,,,,,
MAN,,GAME SUMMARY,,,,,EXECUTION,,,,,,,,,,,BREAKDOWNS,,,,,,,,,NOTES,,,,,,,,,,,,,,,
Player,Possessions,Positive Total,Negative Total,Net Performance,PPP,PPP +/- vs. Avg,Tip,Steal,Block,Rebound,Rotation Help,PNR Trap,Contested Shot,Jump Ball,Good Foul,Charge,Audible,Middle Drive,Missed Rotation,Missed PNR Trap,Same Side Help,Missed REB Duty,No Shot Contest,Scored On,Bad Foul,Failed Audible,Synergy Clip #,,Coach Notes,,,,,,Flo Response,,,,,,,
0 - Mia Rivera,41,27,-22,5,0.12,-0.14,,1,,1,14,1,3,,,,,,5,1,,,2,2,,,,,,,,,,,,,,,,,,
2 - Victoria Om,53,34,-14,20,0.38,0.23,2,1,,1,17,2,2,1,,,,,5,2,,,,,,,,,,,,,,,,,,,,,,
11 - Anaya Beard,46,40,-28,12,0.26,0.03,3,2,,5,9,6,,,,,,,7,1,,,4,1,1,,,,,,,,,,,,,,,,,
12 - Aisleigh Canaday,25,17,-25,-8,-0.32,0.02,2,1,,1,2,1,1,,,1,,1,4,1,1,1,1,2,1,,,,,,,,,,,,,,,,,
20 - Faith Ledesma,48,39,-35,4,0.08,0.08,1,1,,4,13,1,5,1,,,,1,6,,1,1,4,3,,,,,,,,,,,,,,,,,,
21 - Beverly Tandarich,4,5,,5,0.31,0.13,,,,,1,,2,,,,,,,,,,,,,,,,,,,,,,,,,,,,,
22 - Jayleen Rivera,28,27,-4,23,0.82,0.71,3,2,,,12,,2,,2,,,,1,,1,,,,,,,,,,,,,,,,,,,,,
23 - Sophia Boyer,,,,,,,,,,,,,,,,,,,,,,,,,,,,,,,,,,,,,,,,,,
24 - Claudia Solis,,,,,,,,,,,,,,,,,,,,,,,,,,,,,,,,,,,,,,,,,,
25 - Chloe Espinosa,7,5,-15,-10,-0.36,0.05,1,,,1,2,,,,,,,,3,,,1,2,1,,,,,,,,,,,,,,,,,,
30 - Kiki Graham,52,34,-17,17,0.33,-0.25,4,1,,1,15,,4,,2,,,,1,,1,1,1,3,,,,,,,,,,,,,,,,,,
40 - Kimberly Limon,16,17,-13,4,0.18,-0.19,2,1,,1,6,,2,,,,,,3,,,1,1,1,,,,,,,,,,,,,,,,,,
Total,320,245,-173,72,0.23,0.02,18,10,,15,91,11,21,2,4,1,,2,35,5,4,5,15,13,2,,,,,,,,,,,,,,,,,
50,,GAME SUMMARY,,,,,EXECUTION,,,,,,,,,,,BREAKDOWNS,,,,,,,,,NOTES,,,,,,,,,,,,,,,
Player,Possessions,Positive Total,Negative Total,Net Performance,PPP,PPP +/- vs. Avg,Tip,Steal,Block,Rebound,Rotation Help,Successful Trap,Contested Shot,Jump Ball,Good Foul,Charge,Audible,Middle Drive,Missed Rotation,Missed Trap,Same Side Help,Missed REB Duty,No Shot Contest,Scored On,Bad Foul,Failed Audible,Synergy Clip #,,Coach Notes,,,,,,Flo Response,,,,,,,
0 - Mia Rivera,7,16,-4,12,0.43,-0.57,2,,,,4,4,,1,,,,,1,,,,1,,,,,,,,,,,,,,,,,,,
2 - Victoria Om,6,6,-6,0,0.00,-1.00,1,,,,3,1,,,,,,,2,,,1,,,,,,,,,,,,,,,,,,,,
11 - Anaya Beard,5,10,-3,7,0.35,-0.19,1,,,,3,1,1,1,,,,,1,,,,,,1,,,,,,,,,,,,,,,,,
12 - Aisleigh Canaday,,,,,,,,,,,,,,,,,,,,,,,,,,,,,,,,,,,,,,,,,,
20 - Faith Ledesma,5,8,-7,1,0.05,-0.67,1,,,,3,1,1,,,,,,1,1,,,,1,,,,,,,,,,,,,,,,,,
21 - Beverly Tandarich,,,,,,,,,,,,,,,,,,,,,,,,,,,,,,,,,,,,,,,,,,
22 - Jayleen Rivera,2,4,,4,0.20,-0.38,,,,,2,1,,,,,,,,,,,,,,,,,,,,,,,,,,,,,,
23 - Sophia Boyer,,,,,,,,,,,,,,,,,,,,,,,,,,,,,,,,,,,,,,,,,,
24 - Claudia Solis,,,,,,,,,,,,,,,,,,,,,,,,,,,,,,,,,,,,,,,,,,
25 - Chloe Espinosa,,,,,,,,,,,,,,,,,,,,,,,,,,,,,,,,,,,,,,,,,,
30 - Kiki Graham,7,10,,10,0.36,-0.64,1,,,,5,,2,,,,,,,,,,,,,,,,,,,,,,,,,,,,,
40 - Kimberly Limon,3,7,-2,5,0.17,-0.20,,,,,3,1,1,,,,,,1,,,,,,,,,,,,,,,,,,,,,,,
Total,35,61,-22,39,1.00,0.00,6,,,,23,9,5,2,,,,,6,1,,1,1,1,1,,,,,,,,,,,,,,,,,
32,,GAME SUMMARY,,,,,EXECUTION,,,,,,,,,,,BREAKDOWNS,,,,,,,,,NOTES,,,,,,,,,,,,,,,
Player,Possessions,Positive Total,Negative Total,Net Performance,PPP,PPP +/- vs. Avg,Tip,Steal,Block,Rebound,Rotation Help,Post Shift,Contested Shot,Jump Ball,Good Foul,Charge,Audible,Middle Drive,Missed Rotation,No Front (High),No Front (Low),Missed REB Duty,No Shot Contest,Scored On,Bad Foul,Failed Audible,Synergy Clip #,,Coach Notes,,,,,,Flo Response,,,,,,,
0 - Mia Rivera,,,,,,,,,,,,,,,,,,,,,,,,,,,,,,,,,,,,,,,,,,
2 - Victoria Om,,,,,,,,,,,,,,,,,,,,,,,,,,,,,,,,,,,,,,,,,,
11 - Anaya Beard,,,,,,,,,,,,,,,,,,,,,,,,,,,,,,,,,,,,,,,,,,
12 - Aisleigh Canaday,,,,,,,,,,,,,,,,,,,,,,,,,,,,,,,,,,,,,,,,,,
20 - Faith Ledesma,,,,,,,,,,,,,,,,,,,,,,,,,,,,,,,,,,,,,,,,,,
21 - Beverly Tandarich,,,,,,,,,,,,,,,,,,,,,,,,,,,,,,,,,,,,,,,,,,
22 - Jayleen Rivera,,,,,,,,,,,,,,,,,,,,,,,,,,,,,,,,,,,,,,,,,,
23 - Sophia Boyer,,,,,,,,,,,,,,,,,,,,,,,,,,,,,,,,,,,,,,,,,,
24 - Claudia Solis,,,,,,,,,,,,,,,,,,,,,,,,,,,,,,,,,,,,,,,,,,
25 - Chloe Espinosa,,,,,,,,,,,,,,,,,,,,,,,,,,,,,,,,,,,,,,,,,,
30 - Kiki Graham,,,,,,,,,,,,,,,,,,,,,,,,,,,,,,,,,,,,,,,,,,
40 - Kimberly Limon,,,,,,,,,,,,,,,,,,,,,,,,,,,,,,,,,,,,,,,,,,
Total,,,,,,,,,,,,,,,,,,,,,,,,,,,,,,,,,,,,,,,,,,
21,,GAME SUMMARY,,,,,EXECUTION,,,,,,,,,,,BREAKDOWNS,,,,,,,,,NOTES,,,,,,,,,,,,,,,
Player,Possessions,Positive Total,Negative Total,Net Performance,PPP,PPP +/- vs. Season Avg,Tip,Steal,Block,Rebound,Rotation Help,No Ball In Paint,Contested Shot,Jump Ball,Good Foul,Charge,Audible,Middle Drive,Missed Rotation,No Front (High),No Front (Low),Missed REB Duty,No Shot Contest,Scored On,Bad Foul,Failed Audible,Synergy Clip #,,Coach Notes,,,,,,Flo Response,,,,,,,
0 - Mia Rivera,,,,,,,,,,,,,,,,,,,,,,,,,,,,,,,,,,,,,,,,,,
2 - Victoria Om,,,,,,,,,,,,,,,,,,,,,,,,,,,,,,,,,,,,,,,,,,
11 - Anaya Beard,,,,,,,,,,,,,,,,,,,,,,,,,,,,,,,,,,,,,,,,,,
12 - Aisleigh Canaday,,,,,,,,,,,,,,,,,,,,,,,,,,,,,,,,,,,,,,,,,,
20 - Faith Ledesma,,,,,,,,,,,,,,,,,,,,,,,,,,,,,,,,,,,,,,,,,,
21 - Beverly Tandarich,,,,,,,,,,,,,,,,,,,,,,,,,,,,,,,,,,,,,,,,,,
22 - Jayleen Rivera,,,,,,,,,,,,,,,,,,,,,,,,,,,,,,,,,,,,,,,,,,
23 - Sophia Boyer,,,,,,,,,,,,,,,,,,,,,,,,,,,,,,,,,,,,,,,,,,
24 - Claudia Solis,,,,,,,,,,,,,,,,,,,,,,,,,,,,,,,,,,,,,,,,,,
25 - Chloe Espinosa,,,,,,,,,,,,,,,,,,,,,,,,,,,,,,,,,,,,,,,,,,
30 - Kiki Graham,,,,,,,,,,,,,,,,,,,,,,,,,,,,,,,,,,,,,,,,,,
40 - Kimberly Limon,,,,,,,,,,,,,,,,,,,,,,,,,,,,,,,,,,,,,,,,,,
Total,,,,,,,,,,,,,,,,,,,,,,,,,,,,,,,,,,,,,,,,,,