PLAYERS,,,,,,,,Game Info,,,,,,,,,,,DEFENSES,,,,,ACTIONS MASTER,,,,,,,,,,,,,,,,,,,,,,,OVERALL ACTION CATEGORIES,,,,,,,,,,,GAME TAB LOCATIONS,,,,,,,,,,DEFENSIVE GAME TOTALS,,,,,DEFENSIVE PLAYER GAME TOTALS,,,,,,,,,,,,ACTION GAME TOTALS,,,,,,,,,,,ACTION CATEGORY TOTALS,,,,,,,,,,,,ACTION CATEGORY VALUE TOTALS,,,,,,,,,,,,,,,,,,,,,,PLAYER DEFENSIVE ACTION TOTALS,,,,,,,,,,,,,,,,,,,,,,,PLAYER DEFENSIVE ACTION VALUE TOTALS,,,,,,,,,,,,,,,,,,,,,,,,PLAYER ACTION TOTALS,,,,,,,,,,,,,,,,,,,,,,,,PLAYER ACTION VALUE TOTALS,,,,,,,,,,,,,,,,,,,,,,,,,,,,Scoring Ranges,,,,,SEASON TOTAL STATS,OVERALL,SUMMARY,,,,,,,,,MAN,SUMMARY,,,,,,,,,50,SUMMARY,,,,,,,,,32,SUMMARY,,,,,,,,,21,SUMMARY,,,,,,,,PER GAME STATS,OVERALL,SUMMARY,,,,,,,,,MAN,SUMMARY,,,,,,,,,50,SUMMARY,,,,,,,,,32,SUMMARY,,,,,,,,,21,SUMMARY,,,,,,,,,PLAYER DEFENSIVE ACTION PER-GAME AVERAGES,,,,,,,,,,,,,,,,,,,,,,,,ACTION CATEGORY PER GAME STATS,,,,,,,,,,,,PLAYER ACTION PER GAME STATS,,,,,,,,,,,,,,,,,,,,,,,,,,,,,,,,,,,,,,,,,,,,,,,,,,
Jersey #,Player Name,# Player Name,Position,Role,,,,Game #,Date,Time,Opponent,Location,Tab Name,SAC Score,OPP Score,,,,Name,Type,,,,Action,Category,Score,Man,50,32,21,,,,,,,Man,50,32,21,,,,,,,Hustle Plays,Team Defense,Rebounding,Stops,Coverage Errors,Team Errors,Rebounding Errors,Foul Issues,,,,Defense,Section Type,Label / Category / Action,Header Range,Data Range,Column(s),Notes,,,,Defense,Total Games,,,,Player,Overall,Man,50,32,21,,,,,,,Action,Man,50,32,21,,,,,,,Player,Hustle Plays,Team Defense,Rebounding,Stops,Coverage Errors,Team Errors,Rebounding Errors,Foul Issues,,,,Player,Hustle Plays,Team Defense,Rebounding,Stops,Coverage Errors,Team Errors,Rebounding Errors,Foul Issues,Positive Total,Negative Total,Net Performance,Positive %,Negative %,Net Efficiency %,Pos/Neg Ratio,Sum Of Absolute Values,,,,,,Action,Defense,0 - Mia Rivera,2 - Victoria Om,11 - Anaya Beard,12 - Aisleigh Canaday,20 - Faith Ledesma,21 - Beverly Tandarich,22 - Jayleen Rivera,23 - Sophia Boyer,24 - Claudia Solis,25 - Chloe Espinosa,30 - Kiki Graham,40 - Kimberly Limon,,,,,,,TOTAL,Per-Game Average,,Action,Defense,0 - Mia Rivera,2 - Victoria Om,11 - Anaya Beard,12 - Aisleigh Canaday,20 - Faith Ledesma,21 - Beverly Tandarich,22 - Jayleen Rivera,23 - Sophia Boyer,24 - Claudia Solis,25 - Chloe Espinosa,30 - Kiki Graham,40 - Kimberly Limon,,,,,,,TOTAL,,,,Action,0 - Mia Rivera,2 - Victoria Om,11 - Anaya Beard,12 - Aisleigh Canaday,20 - Faith Ledesma,21 - Beverly Tandarich,22 - Jayleen Rivera,23 - Sophia Boyer,24 - Claudia Solis,25 - Chloe Espinosa,30 - Kiki Graham,40 - Kimberly Limon,,,,,,,TOTAL,Defensive Breakdown % of Net,Team Value Totals,,,Action,0 - Mia Rivera,2 - Victoria Om,11 - Anaya Beard,12 - Aisleigh Canaday,20 - Faith Ledesma,21 - Beverly Tandarich,22 - Jayleen Rivera,23 - Sophia Boyer,24 - Claudia Solis,25 - Chloe Espinosa,30 - Kiki Graham,40 - Kimberly Limon,,,,,,,Team Value Totals,Defensive Breakdown % of Net,Sum Of Absolute Values,,,Per-Game Averages ,,,,PPM Range,Label,Impact,,,,Player,Games Played,Minutes Played,Positive Total,Negative Total,Net Performance,PPM,,,,Player,Games Played,Possessions,Positive Total,Negative Total,Net Performance,PPP,,,,Player,Games Played,Possessions,Positive Total,Negative Total,Net Performance,PPP,,,,Player,Games Played,Possessions,Positive Total,Negative Total,Net Performance,PPP,,,,Player,Games Played,Possessions,Positive Total,Negative Total,Net Performance,PPP,,,,Player,Games Played,Minutes Played,Positive Total,Negative Total,Net Performance,PPM,,,,Player,Games Played,Possessions,Positive Total,Negative Total,Net Performance,PPP,,,,Player,Games Played,Possessions,Positive Total,Negative Total,Net Performance,PPP,,,,Player,Games Played,Possessions,Positive Total,Negative Total,Net Performance,PPP,,,,Player,Games Played,Possessions,Positive Total,Negative Total,Net Performance,PPP,,,,Action,Defense,0 - Mia Rivera,2 - Victoria Om,11 - Anaya Beard,12 - Aisleigh Canaday,20 - Faith Ledesma,21 - Beverly Tandarich,22 - Jayleen Rivera,23 - Sophia Boyer,24 - Claudia Solis,25 - Chloe Espinosa,30 - Kiki Graham,40 - Kimberly Limon,,,,,,,Per-Game Averages,,,,Player,Hustle Plays,Team Defense,Rebounding,Stops,Coverage Errors,Team Errors,Rebounding Errors,Foul Issues,,,,Action,0 - Mia Rivera,2 - Victoria Om,11 - Anaya Beard,12 - Aisleigh Canaday,20 - Faith Ledesma,21 - Beverly Tandarich,22 - Jayleen Rivera,23 - Sophia Boyer,24 - Claudia Solis,25 - Chloe Espinosa,30 - Kiki Graham,40 - Kimberly Limon,,,,,,,TOTAL,,,,Player,Block,Charge,Contested Shot,Audible,Good Foul,Jump Ball,No Ball In Paint,Post Shift,Rebound,Rotation Help,Steal,PNR Trap,Successful Trap,Tip,Top Rotation,Bad Foul,Failed Audible,Middle Drive,Missed PNR Trap,Missed REB Duty,Missed Rotation,Missed Trap,No Shot Contest,No Front (High),No Front (Low),Same Side Help,Scored On
0,Mia Rivera,0 - Mia Rivera,PG,⭐,,,,S1,09/27/25,3:00 PM,Mt. San Antonio,Home,S1 - Mt. San Antonio (09/27/25),,,,,,Man,Man-To-Man,,,,Block,Stops,2,MAN,50,32,21,,,,,,,Block,Block,Block,Block,,,,,,,Contested Shot,Audible,Rebound,Block,Middle Drive,Failed Audible,Missed REB Duty,Bad Foul,,,,OVERALL,Main Header,OVERALL,A4:B4,A4:B4,A–B,Displays “OVERALL” defense name,,,,OVERALL,21,,,,0 - Mia Rivera,19,18,7,,11,,,,,,,Block,20,8,0,13,,,,,,,0 - Mia Rivera,174,394,47,71,115,107,8,16,,,,0 - Mia Rivera,267,452,94,177,-271,-201,-16,-16,990,-504,486,66.3%,33.7%,32.5%,1.96,1494,,,,,,Block,21,,,,1,,,,,1,,,,,,,,,,2,0.5,,Block,21,,,,2,,,,,2,,,,,,,,,,4,,,,Block,2,3,2,3,8,,1,2,9,1,20,1,,,,,,,52,.9%,104,,,Block,4,6,4,6,16,,2,4,18,2,40,2,,,,,,,104,.9%,11395,,,,,,,1.00+,Elite Defensive Impact,💎,,,,0 - Mia Rivera,19,602,967,-504,463,0.77,,,,0 - Mia Rivera,18,802,605,-392,213,0.27,,,,0 - Mia Rivera,7,101,177,-59,118,1.00,,,,0 - Mia Rivera,,,,,,,,,,0 - Mia Rivera,11,134,185,-53,132,0.99,,,,0 - Mia Rivera,19,31.7,50.9,-26.5,24.3,0.08,,,,0 - Mia Rivera,18,44.6,33.6,-21.8,11.8,0.03,,,,0 - Mia Rivera,7,14.4,25.3,-8.4,16.9,0.12,,,,0 - Mia Rivera,,,,,,,,,,0 - Mia Rivera,11,134.0,184.5,-53.0,131.5,0.98,,,,Block,21,,,,0.2,,,,,0.3,,,,,,,,,,0.5,,,,0 - Mia Rivera,9.2,20.7,2.5,3.7,6.1,5.6,0.4,0.8,,,,Block,0.1,0.1,0.1,0.2,0.4,,0.0,0.2,0.8,0.1,1.0,0.1,,,,,,,3.0,,,,0 - Mia Rivera,2,,86,2,17,7,47,,47,287,52,22,36,81,,16,,18,6,8,69,10,56,13,,9,41
2,Victoria Om,2 - Victoria Om,PG,⭐,,,,S2,09/28/25,11:00 AM,Sequoias,Home,S2 - Sequoias (09/28/25),,,,,,50,Half Court Trap,,,,Charge,Stops,4,MAN,50,32,21,,,,,,,Charge,Charge,Charge,Charge,,,,,,,Jump Ball,No Ball In Paint,,Charge,No Shot Contest,Missed PNR Trap,,,,,,OVERALL,Subheader,Player,A5,A6:A18,A,Player names,,,,MAN,20,,,,2 - Victoria Om,21,20,8,,13,,,,,,,Charge,20,8,0,13,,,,,,,2 - Victoria Om,130,455,69,51,129,116,27,31,,,,2 - Victoria Om,193,532,138,131,-307,-220,-54,-31,994,-612,382,61.9%,38.1%,23.8%,1.62,1606,,,,,,Charge,21,,,2,,,,,,,,,,,,,,,,2,0.2,,Charge,21,,,8,,,,,,,,,,,,,,,,8,,,,Charge,,1,4,1,,,4,,,,,,,,,,,,10,.4%,40,,,Charge,,4,16,4,,,16,,,,,,,,,,,,40,.4%,,,,,,,,0.75–0.99,Above Average Defender,✅,,,,2 - Victoria Om,21,666,966,-612,354,0.53,,,,2 - Victoria Om,20,871,568,-440,128,0.15,,,,2 - Victoria Om,8,111,179,-56,123,1.00,,,,2 - Victoria Om,,,,,,,,,,2 - Victoria Om,13,163,219,-116,103,0.63,,,,2 - Victoria Om,21,31.7,46.0,-29.1,16.8,0.05,,,,2 - Victoria Om,20,43.6,28.4,-22.0,6.4,0.01,,,,2 - Victoria Om,8,13.9,22.4,-7.0,15.4,0.11,,,,2 - Victoria Om,,,,,,,,,,2 - Victoria Om,13,163.0,218.5,-116.0,102.5,0.63,,,,Charge,21,,,0.2,,,,,,,,,,,,,,,,0.2,,,,2 - Victoria Om,6.2,21.7,3.3,2.4,6.1,5.5,1.3,1.5,,,,Charge,,0.0,0.2,0.1,,,0.2,,,,,,,,,,,,0.5,,,,2 - Victoria Om,3,1,54,3,10,9,57,,69,318,37,34,43,67,,31,2,10,6,27,80,10,70,12,,6,49
11,Anaya Beard,11 - Anaya Beard,F,⭐,,,,S3,10/17/25,1:00 PM,Cerritos,Home,S3 - Cerritos (10/17/25),,,,,,32,Zone,,,,Contested Shot,Hustle Plays,2,MAN,50,32,21,,,,,,,Contested Shot,Contested Shot,Contested Shot,Contested Shot,,,,,,,Tip,Post Shift,,Good Foul,Scored On,Missed Rotation,,,,,,OVERALL,Subheader,Minutes Played,B5,B6:B18,B,Minutes played,,,,50,8,,,,11 - Anaya Beard,21,20,8,,11,,,,,,,Contested Shot,20,8,0,13,,,,,,,11 - Anaya Beard,150,388,79,55,129,154,32,26,,,,11 - Anaya Beard,250,457,158,133,-312,-298,-64,-26,998,-700,298,58.8%,41.2%,17.6%,1.43,1698,,,,,,Contested Shot,21,9,11,17,3,13,,7,3,4,1,25,7,,,,,,,100,10.8,,Contested Shot,21,18,22,34,6,26,,14,6,8,2,50,14,,,,,,,200,,,,Contested Shot,86,54,94,25,116,2,55,12,27,9,134,48,,,,,,,662,11.6%,1324,,,Contested Shot,172,108,188,50,232,4,110,24,54,18,268,96,,,,,,,1324,11.6%,,,,,,,,0.50–0.74,Solid Performance,➖,,,,11 - Anaya Beard,21,545,982,-700,282,0.52,,,,11 - Anaya Beard,20,756,687,-516,171,0.23,,,,11 - Anaya Beard,8,91,134,-68,66,0.54,,,,11 - Anaya Beard,,,,,,,,,,11 - Anaya Beard,11,107,161,-116,45,0.32,,,,11 - Anaya Beard,21,26.0,46.8,-33.3,13.4,0.05,,,,11 - Anaya Beard,20,37.8,34.4,-25.8,8.6,0.02,,,,11 - Anaya Beard,8,11.4,16.8,-8.5,8.3,0.07,,,,11 - Anaya Beard,,,,,,,,,,11 - Anaya Beard,11,107.0,161.0,-116.0,45.0,0.32,,,,Contested Shot,21,0.8,0.8,1.5,0.6,1.0,,0.8,0.6,1.0,0.3,2.1,1.2,,,,,,,10.8,,,,11 - Anaya Beard,7.1,18.5,3.8,2.6,6.1,7.3,1.5,1.2,,,,Contested Shot,4.5,2.6,4.5,1.5,5.5,1.0,2.6,1.0,2.3,0.9,6.4,2.4,,,,,,,35.1,,,,11 - Anaya Beard,2,4,94,6,17,6,32,,79,281,32,57,12,50,,26,2,10,19,32,117,1,65,,10,5,54
12,Aisleigh Canaday,12 - Aisleigh Canaday,F,🪑,,,,S4,10/21/25,5:00 PM,East Los Angeles,Home,S4 - East Los Angeles (10/21/25),,,,,,21,Zone,,,,Audible,Team Defense,1,MAN,50,32,21,,,,,,,Audible,Audible,Audible,Audible,,,,,,,,Rotation Help,,Steal,,Missed Trap,,,,,,OVERALL,Subheader,Positive Total,C5,C6:C18,C,Positive outcomes,,,,32,0,,,,12 - Aisleigh Canaday,17,15,4,,5,,,,,,,Audible,20,8,0,13,,,,,,,12 - Aisleigh Canaday,60,129,20,19,76,92,17,24,,,,12 - Aisleigh Canaday,89,148,40,47,-179,-176,-34,-24,324,-413,-89,44.0%,56.0%,-12.1%,0.78,737,,,,,,Audible,21,,,,,,,,,,,,,,,,,,,,,,Audible,21,,,,,,,,,,,,,,,,,,,,,,,Audible,2,3,6,,1,,1,,,,,4,,,,,,,17,.1%,17,,,Audible,2,3,6,,1,,1,,,,,4,,,,,,,17,.1%,,,,,,,,0.30–0.49,Below Average,⚠️,,,,12 - Aisleigh Canaday,17,216,314,-413,-99,-0.46,,,,12 - Aisleigh Canaday,15,250,196,-280,-84,-0.34,,,,12 - Aisleigh Canaday,4,33,41,-46,-5,-0.11,,,,12 - Aisleigh Canaday,,,,,,,,,,12 - Aisleigh Canaday,5,56,77,-87,-10,-0.13,,,,12 - Aisleigh Canaday,17,12.7,18.4,-24.3,-5.9,-0.05,,,,12 - Aisleigh Canaday,15,16.7,13.1,-18.7,-5.6,-0.03,,,,12 - Aisleigh Canaday,4,8.3,10.3,-11.5,-1.3,-0.02,,,,12 - Aisleigh Canaday,,,,,,,,,,12 - Aisleigh Canaday,5,56.0,76.5,-87.0,-10.5,-0.14,,,,Audible,21,,,,,,,,,,,,,,,,,,,,,,,12 - Aisleigh Canaday,3.5,7.6,1.2,1.1,4.5,5.4,1.0,1.4,,,,Audible,0.1,0.1,0.3,,0.0,,0.0,,,,,0.2,,,,,,,0.8,,,,12 - Aisleigh Canaday,3,1,25,,4,4,21,,20,89,11,15,4,31,,24,,7,12,17,65,,42,,8,7,27
20,Faith Ledesma,20 - Faith Ledesma,G,⭐,,,,1,10/31/25,1:00 PM,Modesto,Neutral,1 - Modesto (10/31/25),,,,,,,,,,,Good Foul,Stops,1,MAN,50,32,21,,,,,,,Good Foul,Good Foul,Good Foul,Good Foul,,,,,,,,PNR Trap,,,,No Front (High),,,,,,OVERALL,Subheader,Negative Total,D5,D6:D18,D,Negative outcomes,,,,21,13,,,,20 - Faith Ledesma,21,20,8,,13,,,,,,,Good Foul,20,8,0,13,,,,,,,20 - Faith Ledesma,178,405,52,32,122,149,46,30,,,,20 - Faith Ledesma,300,439,104,80,-294,-298,-92,-30,923,-714,209,56.4%,43.6%,12.8%,1.29,1637,,,,,,Good Foul,21,2,2,3,1,1,,1,1,,1,3,,,,,,,,15,1.8,,Good Foul,21,2,2,3,1,1,,1,1,,1,3,,,,,,,,15,,,,Good Foul,17,10,17,4,4,,11,3,5,1,19,5,,,,,,,96,.8%,96,,,Good Foul,17,10,17,4,4,,11,3,5,1,19,5,,,,,,,96,.8%,,,,,,,,0.00–0.29,Needs Improvement,❌,,,,20 - Faith Ledesma,21,598,902,-714,188,0.31,,,,20 - Faith Ledesma,20,812,582,-580,2,0.00,,,,20 - Faith Ledesma,8,94,141,-51,90,0.72,,,,20 - Faith Ledesma,,,,,,,,,,20 - Faith Ledesma,13,145,179,-83,96,0.50,,,,20 - Faith Ledesma,21,28.5,42.9,-34.0,8.9,0.03,,,,20 - Faith Ledesma,20,40.6,29.1,-29.0,0.1,0.00,,,,20 - Faith Ledesma,8,11.8,17.6,-6.4,11.3,0.10,,,,20 - Faith Ledesma,,,,,,,,,,20 - Faith Ledesma,13,145.0,178.5,-83.0,95.5,0.49,,,,Good Foul,21,0.2,0.2,0.3,0.2,0.1,,0.1,0.2,,0.3,0.3,,,,,,,,1.8,,,,20 - Faith Ledesma,8.5,19.3,2.5,1.5,5.8,7.1,2.2,1.4,,,,Good Foul,0.9,0.5,0.8,0.2,0.2,,0.5,0.3,0.4,0.1,0.9,0.3,,,,,,,5.1,,,,20 - Faith Ledesma,8,,116,1,4,6,43,,52,327,20,12,22,56,,30,,11,7,46,123,4,61,,,15,50
21,Beverly Tandarich,21 - Beverly Tandarich,G,🪑,,,,2,11/01/25,1:00 PM,LA Southwest,Neutral,2 - LA Southwest (11/01/25),,,,,,,,,,,Jump Ball,Hustle Plays,2,MAN,50,32,21,,,,,,,Jump Ball,Jump Ball,Jump Ball,Jump Ball,,,,,,,,Successful Trap,,,,No Front (Low),,,,,,OVERALL,Subheader,Net Performance,E5,E6:E18,E,Positives minus negatives,,,,,,,,,21 - Beverly Tandarich,2,2,,,,,,,,,,Jump Ball,20,8,0,13,,,,,,,21 - Beverly Tandarich,2,2,,,,1,,,,,,21 - Beverly Tandarich,4,2,0,0,0,-2,0,0,6,-2,4,75.0%,25.0%,50.0%,3,8,,,,,,Jump Ball,21,1,1,2,1,,,,,,,2,,,,,,,,7,0.7,,Jump Ball,21,2,2,4,2,,,,,,,4,,,,,,,,14,,,,Jump Ball,7,9,6,4,6,,6,2,2,,12,,,,,,,,54,.9%,108,,,Jump Ball,14,18,12,8,12,,12,4,4,,24,,,,,,,,108,.9%,,,,,,,,Negative,Major Defensive Liability,🔴,,,,21 - Beverly Tandarich,2,7,6,-2,4,0.14,,,,21 - Beverly Tandarich,2,11,6,-2,4,0.18,,,,21 - Beverly Tandarich,,,,,,,,,,21 - Beverly Tandarich,,,,,,,,,,21 - Beverly Tandarich,,,,,,,,,,21 - Beverly Tandarich,2,3.5,3.0,-1.0,2.0,0.06,,,,21 - Beverly Tandarich,2,5.5,3.0,-1.0,2.0,0.04,,,,21 - Beverly Tandarich,,,,,,,,,,21 - Beverly Tandarich,,,,,,,,,,21 - Beverly Tandarich,,,,,,,,,,Jump Ball,21,0.1,0.1,0.2,0.2,,,,,,,0.2,,,,,,,,0.7,,,,21 - Beverly Tandarich,1.0,1.0,,,,0.5,,,,,,Jump Ball,0.4,0.4,0.3,0.2,0.3,,0.3,0.2,0.2,,0.6,,,,,,,,2.8,,,,21 - Beverly Tandarich,,,2,,,,,,,2,,,,,,,,,,,1,,,,,,
22,Jayleen Rivera,22 - Jayleen Rivera,G,🪑,,,,3,11/06/25,4:00 PM,LA Mission,Home,3 - LA Mission (11/06/25),,,,,,,,,,,No Ball In Paint,Team Defense,1,,,,21,,,,,,,Rebound,Rebound,Post Shift,No Ball In Paint,,,,,,,,Top Rotation,,,,Same Side Help,,,,,,OVERALL,Subheader,PPM,F5,F6:F18,F,Points per minute,,,,,,,,,22 - Jayleen Rivera,21,20,7,,9,,,,,,,No Ball In Paint,,,,13,,,,,,,22 - Jayleen Rivera,103,278,25,37,90,110,16,10,,,,22 - Jayleen Rivera,164,299,50,92,-216,-209,-32,-10,605,-467,138,56.4%,43.6%,12.9%,1.3,1072,,,,,,No Ball In Paint,21,47,57,32,21,43,,38,6,15,12,57,20,,,,,,,348,40.3,,No Ball In Paint,21,47,57,32,21,43,,38,6,15,12,57,20,,,,,,,348,,,,No Ball In Paint,47,57,32,21,43,,38,6,15,12,57,20,,,,,,,348,3.1%,348,,,No Ball In Paint,47,57,32,21,43,,38,6,15,12,57,20,,,,,,,348,3.1%,,,,,,,,,,,,,,22 - Jayleen Rivera,21,390,586,-467,119,0.31,,,,22 - Jayleen Rivera,20,521,402,-346,56,0.11,,,,22 - Jayleen Rivera,7,46,81,-28,53,0.58,,,,22 - Jayleen Rivera,,,,,,,,,,22 - Jayleen Rivera,9,101,103,-93,10,0.07,,,,22 - Jayleen Rivera,21,18.6,27.9,-22.2,5.7,0.03,,,,22 - Jayleen Rivera,20,26.1,20.1,-17.3,2.8,0.01,,,,22 - Jayleen Rivera,7,6.6,11.6,-4.0,7.6,0.00,,,,22 - Jayleen Rivera,,,,,,,,,,22 - Jayleen Rivera,9,101.0,103.0,-93.0,10.0,0.07,,,,No Ball In Paint,21,4.3,4.4,2.9,4.2,3.3,,4.2,1.2,3.8,4.0,4.8,3.3,,,,,,,40.3,,,,22 - Jayleen Rivera,4.9,13.2,1.2,1.8,4.3,5.2,0.8,0.5,,,,No Ball In Paint,2.5,2.7,1.5,1.2,2.0,,1.8,0.5,1.3,1.2,2.7,1.0,,,,,,,18.5,,,,22 - Jayleen Rivera,1,4,55,1,11,6,38,,25,218,21,5,16,42,,10,,8,5,16,78,7,46,11,,9,36
23,Sophia Boyer,23 - Sophia Boyer,P,🪑,,,,4,11/14/25,4:00 PM,San Mateo,Away,4 - San Mateo (11/14/25),,,,,,,,,,,Post Shift,Team Defense,2,,,32,,,,,,,,Rotation Help,Rotation Help,Rebound,Rebound,,,,,,,,,,,,,,,,,,OVERALL,Subheader,PPM +/- vs. Avg,G5,G6:G18,G,Compared to season average,,,,,,,,,23 - Sophia Boyer,12,10,,,5,,,,,,,Post Shift,,,0,,,,,,,,23 - Sophia Boyer,20,29,8,5,9,23,1,5,,,,23 - Sophia Boyer,34,31,16,7,-20,-43,-2,-5,88,-70,18,55.7%,44.3%,11.4%,1.26,158,,,,,,Rebound,21,14,11,9,6,7,,4,1,2,4,8,2,,,,,,,68,8.2,,Rebound,21,28,22,18,12,14,,8,2,4,8,16,4,,,,,,,136,,,,Post Shift,,,,,,,,,,,,,,,,,,,,,,,,Post Shift,,,,,,,,,,,,,,,,,,,,,,,,,,,,,,,,,,23 - Sophia Boyer,12,50,85,-70,15,0.08,,,,23 - Sophia Boyer,10,76,62,-51,11,0.07,,,,23 - Sophia Boyer,,,,,,,,,,23 - Sophia Boyer,,,,,,,,,,23 - Sophia Boyer,5,16,23,-19,4,0.06,,,,23 - Sophia Boyer,12,4.2,7.1,-5.8,1.3,0.03,,,,23 - Sophia Boyer,10,7.6,6.2,-5.1,1.1,0.00,,,,23 - Sophia Boyer,,,,,,,,,,23 - Sophia Boyer,,,,,,,,,,23 - Sophia Boyer,5,16.0,23.0,-19.0,4.0,0.06,,,,Rebound,21,1.3,0.8,0.8,1.2,0.5,,0.4,0.2,0.5,1.3,0.7,0.3,,,,,,,8.2,,,,23 - Sophia Boyer,1.7,2.4,0.7,0.4,0.8,1.9,0.1,0.4,,,,Post Shift,,,,,,,,,,,,,,,,,,,,,,,23 - Sophia Boyer,2,,12,,3,2,6,,8,21,,2,,6,,5,,,5,1,14,,7,,3,1,2
24,Claudia Solis,24 - Claudia Solis,G,🪑,,,,5,11/15/25,4:00 PM,Redwoods,Neutral,5 - Redwoods (11/15/25),,,,,,,,,,,Rebound,Rebounding,2,MAN,50,32,21,,,,,,,Steal,Steal,Rotation Help,Rotation Help,,,,,,,,,,,,,,,,,,OVERALL,Subheader,Hustle Plays,H5:J5,H6:J18,H–K,Merged block—includes header & player data within same column group,,,,,,,,,24 - Claudia Solis,12,11,2,,4,,,,,,,Rebound,20,8,0,13,,,,,,,24 - Claudia Solis,58,93,14,22,33,53,2,8,,,,24 - Claudia Solis,87,99,28,47,-77,-105,-4,-8,261,-194,67,57.4%,42.6%,14.7%,1.35,455,,,,,,Rotation Help,21,78,107,67,31,101,,50,9,19,7,120,38,,,,,,,627,66.2,,Rotation Help,21,78,107,67,31,101,,50,9,19,7,120,38,,,,,,,627,,,,Rebound,47,69,79,20,52,,25,8,14,10,42,30,,,,,,,396,7.%,792,,,Rebound,94,138,158,40,104,,50,16,28,20,84,60,,,,,,,792,7.%,,,,,,,,,,,,,,24 - Claudia Solis,12,142,254,-194,60,0.42,,,,24 - Claudia Solis,11,187,189,-176,13,0.07,,,,24 - Claudia Solis,2,7,22,,22,0.79,,,,24 - Claudia Solis,,,,,,,,,,24 - Claudia Solis,4,36,43,-18,25,0.52,,,,24 - Claudia Solis,12,11.8,21.1,-16.2,5.0,0.04,,,,24 - Claudia Solis,11,17.0,17.2,-16.0,1.2,0.01,,,,24 - Claudia Solis,2,3.5,11.0,,11.0,0.31,,,,24 - Claudia Solis,,,,,,,,,,24 - Claudia Solis,4,36.0,42.5,-18.0,24.5,0.51,,,,Rotation Help,21,7.1,8.2,6.1,6.2,7.8,,5.6,1.8,4.8,2.3,10.0,6.3,,,,,,,66.2,,,,24 - Claudia Solis,4.8,7.8,1.2,1.8,2.8,4.4,0.2,0.7,,,,Rebound,2.5,3.3,3.8,1.2,2.5,,1.2,0.7,1.2,1.0,2.0,1.5,,,,,,,20.7,,,,24 - Claudia Solis,9,,27,,5,2,15,,14,72,8,2,4,29,,8,,7,2,2,42,,15,1,,8,11
25,Chloe Espinosa,25 - Chloe Espinosa,P,🪑,,,,6,11/19/25,7:00 PM,Chaffey,Away,6 - Chaffey (11/19/25),,,,,,,,,,,Rotation Help,Team Defense,1,MAN,50,32,21,,,,,,,PNR Trap,Successful Trap,Steal,Steal,,,,,,,,,,,,,,,,,,OVERALL,Subheader,Team Defense,K5:M5,K6:M18,L–M,Merged block—includes header & player data,,,,,,,,,25 - Chloe Espinosa,10,9,1,,3,,,,,,,Rotation Help,20,8,0,13,,,,,,,25 - Chloe Espinosa,12,35,10,3,14,31,7,3,,,,25 - Chloe Espinosa,21,38,20,6,-31,-60,-14,-3,85,-108,-23,44.0%,56.0%,-11.9%,0.79,193,,,,,,Steal,21,9,10,2,2,3,,1,,,,6,1,,,,,,,34,3.2,,Steal,21,27,30,6,6,9,,3,,,,18,3,,,,,,,102,,,,Rotation Help,287,318,281,89,327,2,218,21,72,20,445,150,,,,,,,2230,19.6%,2230,,,Rotation Help,287,318,281,89,327,2,218,21,72,20,445,150,,,,,,,2230,19.6%,,,,,,,,,,,,,,25 - Chloe Espinosa,10,59,79,-108,-29,-0.25,,,,25 - Chloe Espinosa,9,93,52,-102,-50,-0.40,,,,25 - Chloe Espinosa,1,1,3,,3,0.30,,,,25 - Chloe Espinosa,,,,,,,,,,25 - Chloe Espinosa,3,27,24,-6,18,0.50,,,,25 - Chloe Espinosa,10,5.9,7.9,-10.8,-2.9,-0.05,,,,25 - Chloe Espinosa,9,10.3,5.8,-11.3,-5.6,-0.05,,,,25 - Chloe Espinosa,1,1.0,3.0,,3.0,0.30,,,,25 - Chloe Espinosa,,,,,,,,,,25 - Chloe Espinosa,3,27.0,24.0,-6.0,18.0,0.50,,,,Steal,21,0.8,0.8,0.2,0.4,0.2,,0.1,,,,0.5,0.2,,,,,,,3.2,,,,25 - Chloe Espinosa,1.2,3.5,1.0,0.3,1.4,3.1,0.7,0.3,,,,Rotation Help,15.1,15.1,13.4,5.2,15.6,1.0,10.4,1.8,6.0,2.0,21.2,7.5,,,,,,,114.3,,,,25 - Chloe Espinosa,1,,9,,1,,12,,10,20,1,3,,3,,3,,,2,7,27,,11,,2,,3
30,Kiki Graham,30 - Kiki Graham,G,⭐,,,,7,11/21/25,7:00 PM,LA Trade-Tech,Away,7 - LA Trade-Tech (11/21/25),,,,,,,,,,,Steal,Stops,3,MAN,50,32,21,,,,,,,Tip,Tip,Tip,Tip,,,,,,,,,,,,,,,,,,OVERALL,Subheader,Rebounding,N5:P5,N6:P18,N–P,Merged block—includes header & player data,,,,,,,,,30 - Kiki Graham,21,20,8,,12,,,,,,,Steal,20,8,0,13,,,,,,,30 - Kiki Graham,239,557,42,85,69,62,18,19,,,,30 - Kiki Graham,385,612,84,197,-170,-128,-36,-19,1278,-353,925,78.4%,21.6%,56.7%,3.62,1631,,,,,,Tip,21,6,5,5,6,6,,8,2,2,,14,1,,,,,,,55,6.2,,Tip,21,6,5,5,6,6,,8,2,2,,14,1,,,,,,,55,,,,Steal,52,37,32,11,20,,21,,8,1,46,10,,,,,,,238,6.3%,714,,,Steal,156,111,96,33,60,,63,,24,3,138,30,,,,,,,714,6.3%,,,,,,,,,,,,,,30 - Kiki Graham,21,731,1250,-353,897,1.00,,,,30 - Kiki Graham,20,956,786,-234,552,0.58,,,,30 - Kiki Graham,8,121,210,-57,153,1.00,,,,30 - Kiki Graham,,,,,,,,,,30 - Kiki Graham,12,162,254,-62,192,1.00,,,,30 - Kiki Graham,21,34.8,59.5,-16.8,42.7,0.12,,,,30 - Kiki Graham,20,47.8,39.3,-11.7,27.6,0.06,,,,30 - Kiki Graham,8,15.1,26.3,-7.1,19.1,0.13,,,,30 - Kiki Graham,,,,,,,,,,30 - Kiki Graham,12,162.0,253.5,-62.0,191.5,1.00,,,,Tip,21,0.5,0.4,0.5,1.2,0.5,,0.9,0.4,0.5,,1.2,0.2,,,,,,,6.2,,,,30 - Kiki Graham,11.4,26.5,2.0,4.0,3.3,3.0,0.9,0.9,,,,Steal,2.7,1.8,1.5,0.6,1.0,,1.0,,0.7,0.1,2.2,0.5,,,,,,,12.1,,,,30 - Kiki Graham,20,,134,,19,12,57,,42,445,46,24,31,93,,19,,6,4,18,42,4,31,,,14,32
40,Kimberly Limon,40 - Kimberly Limon,P,🪑,,,,8,11/25/25,6:00 PM,Long Beach,Home,8 - Long Beach (11/25/25),,,,,,,,,,,PNR Trap,Team Defense,2,MAN,,,,,,,,,,Bad Foul,Bad Foul,Bad Foul,Bad Foul,,,,,,,,,,,,,,,,,,OVERALL,Subheader,Stops,Q5:R5,Q6:R18,Q–R,Merged block—includes header & player data,,,,,,,,,40 - Kimberly Limon,20,19,4,,6,,,,,,,PNR Trap,20,,,,,,,,,,40 - Kimberly Limon,66,205,30,16,47,51,21,11,,,,40 - Kimberly Limon,114,236,60,37,-110,-96,-42,-11,447,-259,188,63.3%,36.7%,26.6%,1.73,706,,,,,,Bad Foul,21,,1,6,6,2,,,1,,,1,2,,,,,,,19,2.6,,Bad Foul,21,,-1,-6,-6,-2,,,-1,,,-1,-2,,,,,,,-19,,,,PNR Trap,22,34,57,15,12,,5,2,2,3,24,26,,,,,,,202,3.5%,404,,,PNR Trap,44,68,114,30,24,,10,4,4,6,48,52,,,,,,,404,3.5%,,,,,,,,,,,,,,40 - Kimberly Limon,20,244,437,-259,178,0.73,,,,40 - Kimberly Limon,19,320,321,-203,118,0.37,,,,40 - Kimberly Limon,4,30,46,-24,22,0.37,,,,40 - Kimberly Limon,,,,,,,,,,40 - Kimberly Limon,6,48,70,-32,38,0.59,,,,40 - Kimberly Limon,20,12.2,21.9,-13.0,8.9,0.07,,,,40 - Kimberly Limon,19,16.8,16.9,-10.7,6.2,0.00,,,,40 - Kimberly Limon,4,7.5,11.5,-6.0,5.5,0.07,,,,40 - Kimberly Limon,,,,,,,,,,40 - Kimberly Limon,6,48.0,70.0,-32.0,38.0,0.59,,,,Bad Foul,21,,0.1,0.5,1.2,0.2,,,0.2,,,0.1,0.3,,,,,,,2.6,,,,40 - Kimberly Limon,3.3,10.3,1.5,0.8,2.4,2.6,1.1,0.6,,,,PNR Trap,1.2,1.6,2.7,0.9,0.6,,0.2,0.2,0.2,0.3,1.1,1.3,,,,,,,10.3,,,,40 - Kimberly Limon,1,,48,4,5,,20,,30,150,10,26,5,18,,11,1,3,9,21,35,,28,,6,,16
,,,,,,,,9,12/04/25,6:00 PM,SD Mesa,Home,9 - SD Mesa (12/04/25),,,,,,,,,,,Successful Trap,Team Defense,2,,50,,,,,,,,,Failed Audible,Failed Audible,Failed Audible,Failed Audible,,,,,,,,,,,,,,,,,,OVERALL,Subheader,Coverage Errors,S5:T5,S6:T18,S–T,Merged block—includes header & player data,,,,,,,,,,,,,,,,,,,,,Successful Trap,,8,,,,,,,,,TOTAL,1192,2970,396,396,833,949,195,183,,,,TOTAL,1908,3345,792,954,-1987,-1836,-390,-183,6999,-4396,2603,61.4%,38.6%,22.8%,1.59,11395,,,,,,Failed Audible,21,,,,,,,,,,,,,,,,,,,,,,Failed Audible,21,,,,,,,,,,,,,,,,,,,,,,,Successful Trap,36,43,12,4,22,,16,,4,,31,5,,,,,,,173,3.%,346,,,Successful Trap,72,86,24,8,44,,32,,8,,62,10,,,,,,,346,3.%,,,,,,,,,,,,,,TOTAL,21,4250,6825,-4396,2429,0.57,,,,TOTAL,20,5655,4456,-3322,1134,0.20,,,,TOTAL,8,635,1034,-389,645,1.00,,,,TOTAL,0,,,,,,,,,TOTAL,13,995,1335,-685,650,0.65,,,,Per-Game Average,21,221.5,353.3,-233.1,120.2,0.54,,,,Per-Game Average,20,314.3,247.0,-190.4,56.6,0.18,,,,Per-Game Average,8,93.4,155.6,-58.9,96.7,0.78,,,,Per-Game Average,0,,,,,,,,,Per-Game Average,13,119.0,159.6,-81.9,77.7,0.49,,,,Failed Audible,21,,,,,,,,,,,,,,,,,,,,,,,Per-Game Average,62.8,152.4,20.7,20.6,43.4,51.7,10.0,9.7,,,,Successful Trap,1.9,2.0,0.6,0.2,1.0,,0.8,,0.3,,1.5,0.3,,,,,,,8.6,,,,TOTAL,,,,,,,,,,,,,,,,,,,,,,,,,,,
,,,,,,,,10,12/05/25,6:00 PM,LA Harbor,Home,10 - LA Harbor (12/05/25),,,,,,,,,,,Tip,Hustle Plays,1,MAN,50,32,21,,,,,,,Middle Drive,Middle Drive,Middle Drive,Middle Drive,,,,,,,,,,,,,,,,,,OVERALL,Subheader,Team Errors,U5:V5,U6:V18,U–V,Merged block—includes header & player data,,,,,,,,,,,,,,,,,,,,,Tip,20,8,0,13,,,,,,,,,,,,,,,,,,,Category Grouping %,16.7%,29.4%,7.0%,8.4%,17.4%,16.1%,3.4%,1.6%,,,,,,,,,,,,,,Middle Drive,21,7,4,1,,2,,6,,1,,2,,,,,,,,23,2.3,,Middle Drive,21,-14,-8,-2,,-4,,-12,,-2,,-4,,,,,,,,-46,,,,Tip,81,67,50,31,56,,42,6,29,3,93,18,,,,,,,476,4.2%,476,,,Tip,81,67,50,31,56,,42,6,29,3,93,18,,,,,,,476,4.2%,,,,,,,,,,,,,,Per-Game Average,,258.9,415.7,-267.8,147.9,,,,,Per-Game Average,,368.8,290.6,-216.7,73.9,,,,,Per-Game Average,,111.4,181.4,-68.2,113.2,,,,,Per-Game Average,,,,,,,,,,Per-Game Average,,119.0,159.6,-81.9,77.7,,,,,,,,,,,,,,,,,,,,,,,,,,,,,,,,,,,,,,,,,,,,,,,,,,,,,,,Middle Drive,21,0.6,0.3,0.1,,0.2,,0.7,,0.3,,0.2,,,,,,,,2.3,,,,,,,,,,,,,,,,Tip,4.3,3.2,2.4,1.8,2.7,,2.0,0.5,2.4,0.3,4.4,0.9,,,,,,,24.9,,,,,,,,,,,,,,,,,,,,,,,,,,,,,,,
,,,,,,,,11,12/06/25,4:00 PM,Bakersfield,Home,11 - Bakersfield (12/06/25),,,,,,,,,,,Top Rotation,Team Defense,2,,,,,,,,,,,Missed PNR Trap,Missed REB Duty,Missed REB Duty,Missed REB Duty,,,,,,,,,,,,,,,,,,OVERALL,Subheader,Rebounding Errors,W5:Y5,W6:Y18,W–Y,Merged block—includes header & player data,,,,,,,,,,,,,,,,,,,,,Top Rotation,,,,,,,,,,,,,,,,,,,,,,,,,,,,,,,,,,,,,,,,,,,,,Missed REB Duty,21,1,5,6,6,6,,4,1,,,1,4,,,,,,,34,4.1,,Missed REB Duty,21,-2,-10,-12,-12,-12,,-8,-2,,,-2,-8,,,,,,,-68,,,,Top Rotation,,,,,,,,,,,,,,,,,,,,,,,,Top Rotation,,,,,,,,,,,,,,,,,,,,,,,,,,,,,,,,,,,,,,,,,,,,,,,,,,,,,,,,,,,,,,,,,,,,,,,,,,,,,,,,,,,,,,,,,,,,,,,,,,,,,,,,,,,,,,,,,,,,,,,,,,,,,,,,,,,,,,Missed REB Duty,21,0.1,0.4,0.5,1.2,0.5,,0.4,0.2,,,0.1,0.7,,,,,,,4.1,,,,,,,,,,,,,,,,Top Rotation,,,,,,,,,,,,,,,,,,,,,,,,,,,,,,,,,,,,,,,,,,,,,,,,,,
,,,,,,,,12,12/15/25,7:00 PM,El Camino,Away,12 - El Camino (12/15/25),,,,,,,,,,,Bad Foul,Foul Issues,-1,MAN,50,32,21,,,,,,,Missed REB Duty,Missed Rotation,Missed Rotation,Missed Rotation,,,,,,,,,,,,,,,,,,OVERALL,Subheader,Foul Issues,Z5:AA5,Z6:AA18,Z–AA,Merged block—includes header & player data,,,,,,,,,,,,,,,,,,,,,Bad Foul,20,8,0,13,,,,,,,,,,,,,,,,,,,,,,,,,,,,,,,,,,,,,,,,,Missed Rotation,21,5,11,19,13,13,,17,3,5,2,9,1,,,,,,,98,12.0,,Missed Rotation,21,-10,-22,-38,-26,-26,,-34,-6,-10,-4,-18,-2,,,,,,,-196,,,,Bad Foul,16,31,26,24,30,,10,5,8,3,19,11,,,,,,,183,-1.6%,-183,,,Bad Foul,-16,-31,-26,-24,-30,,-10,-5,-8,-3,-19,-11,,,,,,,-183,-1.6%,,,,,,,,,,,,,,,,,,,,,,,,,,,,,,,,,,,,,,,,,,,,,,,,,,,,,,,,,,,,,,,,,,,,,,,,,,,,,,,,,,,,,,,,,,,,,,,,,,,,,,,,,,,,,,,,,,Missed Rotation,21,0.5,0.8,1.7,2.6,1.0,,1.9,0.6,1.3,0.7,0.8,0.2,,,,,,,12.0,,,,,,,,,,,,,,,,Bad Foul,0.8,1.5,1.2,1.4,1.4,,0.5,0.4,0.7,0.3,0.9,0.6,,,,,,,9.7,,,,,,,,,,,,,,,,,,,,,,,,,,,,,,,
,,,,,,,,13,12/16/25,5:00 PM,Santa Barbara,Neutral,13 - Santa Barbara (12/16/25),,,,,,,,,,,Failed Audible,Team Errors,-2,MAN,50,32,21,,,,,,,Missed Rotation,Missed Trap,No Shot Contest,No Shot Contest,,,,,,,,,,,,,,,,,,MAN,Main Header,MAN,A19:B19,A19:B19,A–B,Displays “MAN” defense name,,,,,,,,,,,,,,,,,,,,,Failed Audible,20,8,0,13,,,,,,,,,,,,,,,,,,,,,,,,,,,,,,,,,,,,,,,,,No Shot Contest,21,4,15,12,13,9,,8,2,1,,8,4,,,,,,,76,8.8,,No Shot Contest,21,-8,-30,-24,-26,-18,,-16,-4,-2,,-16,-8,,,,,,,-152,,,,Failed Audible,,2,2,,,,,,,,,1,,,,,,,5,-.1%,-10,,,Failed Audible,,-4,-4,,,,,,,,,-2,,,,,,,-10,-.1%,,,,,,,,,,,,,,,,,,,,,,,,,,,,,,,,,,,,,,,,,,,,,,,,,,,,,,,,,,,,,,,,,,,,,,,,,,,,,,,,,,,,,,,,,,,,,,,,,,,,,,,,,,,,,,,,,,No Shot Contest,21,0.4,1.2,1.1,2.6,0.7,,0.9,0.4,0.3,,0.7,0.7,,,,,,,8.8,,,,,,,,,,,,,,,,Failed Audible,,0.1,0.1,,,,,,,,,0.1,,,,,,,0.2,,,,,,,,,,,,,,,,,,,,,,,,,,,,,,,
,,,,,,,,14,12/19/25,3:00 PM,Cuesta,Home,14 - Cuesta (12/19/25),,,,,,,,,,,Middle Drive,Coverage Errors,-2,MAN,50,32,21,,,,,,,No Shot Contest,No Shot Contest,No Front (High),No Front (High),,,,,,,,,,,,,,,,,,MAN,Subheader,Player,A20,A21:A32,A,Player names,,,,,,,,,,,,,,,,,,,,,Middle Drive,20,8,0,13,,,,,,,,,,,,,,,,,,,,,,,,,,,,,,,,,,,,,,,,,No Front (High),21,13,12,,,,,11,,1,,,,,,,,,,37,3.6,,No Front (High),21,-13,-12,,,,,-11,,-1,,,,,,,,,,-37,,,,Middle Drive,18,10,10,7,11,,8,,7,,6,3,,,,,,,80,-1.4%,-160,,,Middle Drive,-36,-20,-20,-14,-22,,-16,,-14,,-12,-6,,,,,,,-160,-1.4%,,,,,,,,,,,,,,,,,,,,,,,,,,,,,,,,,,,,,,,,,,,,,,,,,,,,,,,,,,,,,,,,,,,,,,,,,,,,,,,,,,,,,,,,,,,,,,,,,,,,,,,,,,,,,,,,,,No Front (High),21,1.2,0.9,,,,,1.2,,0.3,,,,,,,,,,3.6,,,,,,,,,,,,,,,,Middle Drive,0.9,0.5,0.5,0.4,0.5,,0.4,,0.6,,0.3,0.2,,,,,,,4.2,,,,,,,,,,,,,,,,,,,,,,,,,,,,,,,
,,,,,,,,15,12/30/25,4:00 PM,Taft,Home,15 - Taft (12/30/25),,,,,,,,,,,Missed PNR Trap,Team Errors,-2,MAN,,,,,,,,,,Same Side Help,Same Side Help,No Front (Low),No Front (Low),,,,,,,,,,,,,,,,,,MAN,Subheader,Possessions,B20,B21:B32,B,Possessions logged,,,,,,,,,,,,,,,,,,,,,Missed PNR Trap,20,,,,,,,,,,,,,,,,,,,,,,,,,,,,,,,,,,,,,,,,,,,,No Front (Low),21,,,10,8,,,,3,,2,,6,,,,,,,29,4.8,,No Front (Low),21,,,-10,-8,,,,-3,,-2,,-6,,,,,,,-29,,,,Missed PNR Trap,6,6,19,12,7,,5,5,2,2,4,9,,,,,,,77,-1.4%,-154,,,Missed PNR Trap,-12,-12,-38,-24,-14,,-10,-10,-4,-4,-8,-18,,,,,,,-154,-1.4%,,,,,,,,,,,,,,,,,,,,,,,,,,,,,,,,,,,,,,,,,,,,,,,,,,,,,,,,,,,,,,,,,,,,,,,,,,,,,,,,,,,,,,,,,,,,,,,,,,,,,,,,,,,,,,,,,,No Front (Low),21,,,0.9,1.6,,,,0.6,,0.7,,1.0,,,,,,,4.8,,,,,,,,,,,,,,,,Missed PNR Trap,0.3,0.3,0.9,0.7,0.3,,0.2,0.4,0.2,0.2,0.2,0.5,,,,,,,4.2,,,,,,,,,,,,,,,,,,,,,,,,,,,,,,,
,,,,,,,,16,01/03/26,3:00 PM,Citrus,Away,16 - Citrus (01/03/26),,,,,,,,,,,Missed REB Duty,Rebounding Errors,-2,MAN,50,32,21,,,,,,,Scored On,Scored On,Scored On,Scored On,,,,,,,,,,,,,,,,,,MAN,Subheader,Positive Total,C20,C21:C32,C,Positive outcomes,,,,,,,,,,,,,,,,,,,,,Missed REB Duty,20,8,0,13,,,,,,,,,,,,,,,,,,,,,,,,,,,,,,,,,,,,,,,,,Scored On,21,2,11,8,3,7,,4,1,1,,7,2,,,,,,,46,4.7,,Scored On,21,-6,-33,-24,-9,-21,,-12,-3,-3,,-21,-6,,,,,,,-138,,,,Missed REB Duty,8,27,32,17,46,,16,1,2,7,18,21,,,,,,,195,-3.4%,-390,,,Missed REB Duty,-16,-54,-64,-34,-92,,-32,-2,-4,-14,-36,-42,,,,,,,-390,-3.4%,,,,,,,,,,,,,,,,,,,,,,,,,,,,,,,,,,,,,,,,,,,,,,,,,,,,,,,,,,,,,,,,,,,,,,,,,,,,,,,,,,,,,,,,,,,,,,,,,,,,,,,,,,,,,,,,,,Scored On,21,0.2,0.8,0.7,0.6,0.5,,0.4,0.2,0.3,,0.6,0.3,,,,,,,4.7,,,,,,,,,,,,,,,,Missed REB Duty,0.4,1.3,1.5,1.0,2.2,,0.8,0.1,0.2,0.7,0.9,1.1,,,,,,,10.0,,,,,,,,,,,,,,,,,,,,,,,,,,,,,,,
,,,,,,,,17,01/09/26,7:00 PM,Orange Coast,Away,17 - Orange Coast (01/09/26),,,,,,,,,,,Missed Rotation,Team Errors,-2,MAN,50,32,21,,,,,,,,,,,,,,,,,,,,,,,,,,,,MAN,Subheader,Negative Total,D20,D21:D32,D,Negative outcomes,,,,,,,,,,,,,,,,,,,,,Missed Rotation,20,8,0,13,,,,,,,,,,,,,,,,,,,,,,,,,,,,,,,,,,,,,,,,,Block,32,,,,,,,,,,,,,,,,,,,,,,Block,32,,,,,,,,,,,,,,,,,,,,,,,Missed Rotation,69,80,117,65,123,1,78,14,42,27,42,35,,,,,,,693,-12.2%,-1386,,,Missed Rotation,-138,-160,-234,-130,-246,-2,-156,-28,-84,-54,-84,-70,,,,,,,-1386,-12.2%,,,,,,,,,,,,,,,,,,,,,,,,,,,,,,,,,,,,,,,,,,,,,,,,,,,,,,,,,,,,,,,,,,,,,,,,,,,,,,,,,,,,,,,,,,,,,,,,,,,,,,,,,,,,,,,,,,Block,32,,,,,,,,,,,,,,,,,,,,,,,,,,,,,,,,,,,Missed Rotation,3.6,3.8,5.6,3.8,5.9,0.5,3.7,1.2,3.5,2.7,2.0,1.8,,,,,,,38.0,,,,,,,,,,,,,,,,,,,,,,,,,,,,,,,
,,,,,,,,18,01/14/26,7:00 PM,Fullerton,Away,18 - Fullerton (01/14/26),,,,,,,,,,,Missed Trap,Team Errors,-2,,50,,,,,,,,,,,,,,,,,,,,,,,,,,,,,,MAN,Subheader,Net Performance,E20,E21:E32,E,Positives minus negatives,,,,,,,,,,,,,,,,,,,,,Missed Trap,,8,,,,,,,,,,,,,,,,,,,,,,,,,,,,,,,,,,,,,,,,,,,Charge,32,,,,,,,,,,,,,,,,,,,,,,Charge,32,,,,,,,,,,,,,,,,,,,,,,,Missed Trap,10,10,1,,4,,7,,,,4,,,,,,,,36,-.6%,-72,,,Missed Trap,-20,-20,-2,,-8,,-14,,,,-8,,,,,,,,-72,-.6%,,,,,,,,,,,,,,,,,,,,,,,,,,,,,,,,,,,,,,,,,,,,,,,,,,,,,,,,,,,,,,,,,,,,,,,,,,,,,,,,,,,,,,,,,,,,,,,,,,,,,,,,,,,,,,,,,,Charge,32,,,,,,,,,,,,,,,,,,,,,,,,,,,,,,,,,,,Missed Trap,0.5,0.5,0.0,,0.2,,0.3,,,,0.2,,,,,,,,1.8,,,,,,,,,,,,,,,,,,,,,,,,,,,,,,,
,,,,,,,,19,01/16/26,7:00 PM,Saddleback,Home,19 - Saddleback (01/16/26),,,,,,,,,,,No Shot Contest,Coverage Errors,-2,MAN,50,32,21,,,,,,,,,,,,,,,,,,,,,,,,,,,,MAN,Subheader,PPP,F20,F21:F32,F,Points per possession,,,,,,,,,,,,,,,,,,,,,No Shot Contest,20,8,0,13,,,,,,,,,,,,,,,,,,,,,,,,,,,,,,,,,,,,,,,,,Contested Shot,32,,,,,,,,,,,,,,,,,,,,,,Contested Shot,32,,,,,,,,,,,,,,,,,,,,,,,No Shot Contest,56,70,65,42,61,,46,7,15,11,31,28,,,,,,,432,-7.6%,-864,,,No Shot Contest,-112,-140,-130,-84,-122,,-92,-14,-30,-22,-62,-56,,,,,,,-864,-7.6%,,,,,,,,,,,,,,,,,,,,,,,,,,,,,,,,,,,,,,,,,,,,,,,,,,,,,,,,,,,,,,,,,,,,,,,,,,,,,,,,,,,,,,,,,,,,,,,,,,,,,,,,,,,,,,,,,,Contested Shot,32,,,,,,,,,,,,,,,,,,,,,,,,,,,,,,,,,,,No Shot Contest,2.9,3.3,3.1,2.5,2.9,,2.2,0.6,1.3,1.1,1.5,1.4,,,,,,,22.8,,,,,,,,,,,,,,,,,,,,,,,,,,,,,,,
,,,,,,,,20,01/21/26,7:00 PM,Riverside,Away,20 - Riverside (01/21/26),,,,,,,,,,,No Front (High),Team Errors,-1,,,32,21,,,,,,,,,,,,,,,,,,,,,,,,,,,,MAN,Subheader,PPP +/- vs. Season Avg,G20,G21:G32,G,Compared to season average,,,,,,,,,,,,,,,,,,,,,No Front (High),,,0,13,,,,,,,,,,,,,,,,,,,,,,,,,,,,,,,,,,,,,,,,,Audible,32,,,,,,,,,,,,,,,,,,,,,,Audible,32,,,,,,,,,,,,,,,,,,,,,,,No Front (High),13,12,,,,,11,,1,,,,,,,,,,37,-.3%,-37,,,No Front (High),-13,-12,,,,,-11,,-1,,,,,,,,,,-37,-.3%,,,,,,,,,,,,,,,,,,,,,,,,,,,,,,,,,,,,,,,,,,,,,,,,,,,,,,,,,,,,,,,,,,,,,,,,,,,,,,,,,,,,,,,,,,,,,,,,,,,,,,,,,,,,,,,,,,Audible,32,,,,,,,,,,,,,,,,,,,,,,,,,,,,,,,,,,,No Front (High),0.7,0.6,,,,,0.5,,0.1,,,,,,,,,,1.9,,,,,,,,,,,,,,,,,,,,,,,,,,,,,,,
,,,,,,,,21,01/23/26,7:00 PM,Irvine Valley,Away,21 - Irvine Valley (01/23/26),,,,,,,,,,,No Front (Low),Team Errors,-1,,,32,21,,,,,,,,,,,,,,,,,,,,,,,,,,,,MAN,Subheader,Tip,H20,H21:H32,H,Deflection / tip,,,,,,,,,,,,,,,,,,,,,No Front (Low),,,0,13,,,,,,,,,,,,,,,,,,,,,,,,,,,,,,,,,,,,,,,,,Good Foul,32,,,,,,,,,,,,,,,,,,,,,,Good Foul,32,,,,,,,,,,,,,,,,,,,,,,,No Front (Low),,,10,8,,,,3,,2,,6,,,,,,,29,-.3%,-29,,,No Front (Low),,,-10,-8,,,,-3,,-2,,-6,,,,,,,-29,-.3%,,,,,,,,,,,,,,,,,,,,,,,,,,,,,,,,,,,,,,,,,,,,,,,,,,,,,,,,,,,,,,,,,,,,,,,,,,,,,,,,,,,,,,,,,,,,,,,,,,,,,,,,,,,,,,,,,,Good Foul,32,,,,,,,,,,,,,,,,,,,,,,,,,,,,,,,,,,,No Front (Low),,,0.5,0.5,,,,0.3,,0.2,,0.3,,,,,,,1.7,,,,,,,,,,,,,,,,,,,,,,,,,,,,,,,
,,,,,,,,22,01/28/26,7:00 PM,Cypress,Home,22 - Cypress (01/28/26),,,,,,,,,,,Same Side Help,Team Errors,-2,MAN,50,,,,,,,,,,,,,,,,,,,,,,,,,,,,,,MAN,Subheader,Steal,I20,I21:I32,I,Steal recorded,,,,,,,,,,,,,,,,,,,,,Same Side Help,20,8,,,,,,,,,,,,,,,,,,,,,,,,,,,,,,,,,,,,,,,,,,,Jump Ball,32,,,,,,,,,,,,,,,,,,,,,,Jump Ball,32,,,,,,,,,,,,,,,,,,,,,,,Same Side Help,9,6,5,7,15,,9,1,8,,14,,,,,,,,74,-1.3%,-148,,,Same Side Help,-18,-12,-10,-14,-30,,-18,-2,-16,,-28,,,,,,,,-148,-1.3%,,,,,,,,,,,,,,,,,,,,,,,,,,,,,,,,,,,,,,,,,,,,,,,,,,,,,,,,,,,,,,,,,,,,,,,,,,,,,,,,,,,,,,,,,,,,,,,,,,,,,,,,,,,,,,,,,,Jump Ball,32,,,,,,,,,,,,,,,,,,,,,,,,,,,,,,,,,,,Same Side Help,0.5,0.3,0.2,0.4,0.7,,0.4,0.1,0.7,,0.7,,,,,,,,4.0,,,,,,,,,,,,,,,,,,,,,,,,,,,,,,,
,,,,,,,,23,02/04/26,7:00 PM,Orange Coast,Home,23 - Orange Coast (02/04/26),,,,,,,,,,,Scored On,Coverage Errors,-3,MAN,50,32,21,,,,,,,,,,,,,,,,,,,,,,,,,,,,MAN,Subheader,Block,J20,J21:J32,J,Blocked shot,,,,,,,,,,,,,,,,,,,,,Scored On,20,8,0,13,,,,,,,,,,,,,,,,,,,,,,,,,,,,,,,,,,,,,,,,,Post Shift,32,,,,,,,,,,,,,,,,,,,,,,Post Shift,32,,,,,,,,,,,,,,,,,,,,,,,Scored On,41,49,54,27,50,,36,2,11,3,32,16,,,,,,,321,-8.5%,-963,,,Scored On,-123,-147,-162,-81,-150,,-108,-6,-33,-9,-96,-48,,,,,,,-963,-8.5%,,,,,,,,,,,,,,,,,,,,,,,,,,,,,,,,,,,,,,,,,,,,,,,,,,,,,,,,,,,,,,,,,,,,,,,,,,,,,,,,,,,,,,,,,,,,,,,,,,,,,,,,,,,,,,,,,,Post Shift,32,,,,,,,,,,,,,,,,,,,,,,,,,,,,,,,,,,,Scored On,2.2,2.3,2.6,1.6,2.4,,1.7,0.2,0.9,0.3,1.5,0.8,,,,,,,16.5,,,,,,,,,,,,,,,,,,,,,,,,,,,,,,,
,,,,,,,,24,02/06/26,7:00 PM,Fullerton,Home,24 - Fullerton (02/06/26),,,,,,,,,,,,,,,,,,,,,,,,,,,,,,,,,,,,,,,,,,,,,MAN,Subheader,Rebound,K20,K21:K32,K,Defensive rebound,,,,,,,,,,,,,,,,,,,,,,,,,,,,,,,,,,,,,,,,,,,,,,,,,,,,,,,,,,,,,,,,,,Rebound,32,,,,,,,,,,,,,,,,,,,,,,Rebound,32,,,,,,,,,,,,,,,,,,,,,,,,,,,,,,,,,,,,,,,,,,,22.8%,,,,TOTAL,486,382,298,-89,209,4,138,18,67,-23,925,188,,,,,,,2603,22.8%,,,,,,,,,,,,,,,,,,,,,,,,,,,,,,,,,,,,,,,,,,,,,,,,,,,,,,,,,,,,,,,,,,,,,,,,,,,,,,,,,,,,,,,,,,,,,,,,,,,,,,,,,,,,,,,,,,Rebound,32,,,,,,,,,,,,,,,,,,,,,,,,,,,,,,,,,,,Per-Game Average,,,,,,,,,,,,,,,,,,,,,,,,,,,,,,,,,,,,,,,,,,,,,,,,,,
,,,,,,,,25,02/10/26,7:00 PM,Saddleback,Away,25 - Saddleback (02/10/26),,,,,,,,,,,,,,,,,,,,,,,,,,,,,,,,,,,,,,,,,,,,,MAN,Subheader,Rotation Help,L20,L21:L32,L,Rotational coverage,,,,,,,,,,,,,,,,,,,,,,,,,,,,,,,,,,,,,,,,,,,,,,,,,,,,,,,,,,,,,,,,,,Rotation Help,32,,,,,,,,,,,,,,,,,,,,,,Rotation Help,32,,,,,,,,,,,,,,,,,,,,,,,,,,,,,,,,,,,,,,,,,,,,,,,,,,,,,,,,,,,,,,,,,,,,,,,,,,,,,,,,,,,,,,,,,,,,,,,,,,,,,,,,,,,,,,,,,,,,,,,,,,,,,,,,,,,,,,,,,,,,,,,,,,,,,,,,,,,,,,,,,,,,,,,,,,,,,,,,,,,,,Rotation Help,32,,,,,,,,,,,,,,,,,,,,,,,,,,,,,,,,,,,,,,,,,,,,,,,,,,,,,,,,,,,,,,,,,,,,,,,,,,,,,,,,,,,,,
,,,,,,,,26,02/12/26,7:00 PM,Riverside,Home,26 - Riverside (02/12/26),,,,,,,,,,,,,,,,,,,,,,,,,,,,,,,,,,,,,,,,,,,,,MAN,Subheader,PNR Trap,M20,M21:M32,M,Pick-and-roll trap success,,,,,,,,,,,,,,,,,,,,,,,,,,,,,,,,,,,,,,,,,,,,,,,,,,,,,,,,,,,,,,,,,,Steal,32,,,,,,,,,,,,,,,,,,,,,,Steal,32,,,,,,,,,,,,,,,,,,,,,,,,,,,,,,,,,,,,,,,,,,,,,,,,,,,,,,,,,,,,,,,,,,,,,,,,,,,,,,,,,,,,,,,,,,,,,,,,,,,,,,,,,,,,,,,,,,,,,,,,,,,,,,,,,,,,,,,,,,,,,,,,,,,,,,,,,,,,,,,,,,,,,,,,,,,,,,,,,,,,,Steal,32,,,,,,,,,,,,,,,,,,,,,,,,,,,,,,,,,,,,,,,,,,,,,,,,,,,,,,,,,,,,,,,,,,,,,,,,,,,,,,,,,,,,,
,,,,,,,,27,02/18/26,7:00 PM,Irvine Valley,Home,27 - Irvine Valley (02/18/26),,,,,,,,,,,,,,,,,,,,,,,,,,,,,,,,,,,,,,,,,,,,,MAN,Subheader,Contested Shot,N20,N21:N32,N,Contested shot forced,,,,,,,,,,,,,,,,,,,,,,,,,,,,,,,,,,,,,,,,,,,,,,,,,,,,,,,,,,,,,,,,,,Tip,32,,,,,,,,,,,,,,,,,,,,,,Tip,32,,,,,,,,,,,,,,,,,,,,,,,,,,,,,,,,,,,,,,,,,,,,,,,,,,,,,,,,,,,,,,,,,,,,,,,,,,,,,,,,,,,,,,,,,,,,,,,,,,,,,,,,,,,,,,,,,,,,,,,,,,,,,,,,,,,,,,,,,,,,,,,,,,,,,,,,,,,,,,,,,,,,,,,,,,,,,,,,,,,,,Tip,32,,,,,,,,,,,,,,,,,,,,,,,,,,,,,,,,,,,,,,,,,,,,,,,,,,,,,,,,,,,,,,,,,,,,,,,,,,,,,,,,,,,,,
,,,,,,,,28,02/20/26,7:00 PM,Cypress,Away,28 - Cypress (02/20/26),,,,,,,,,,,,,,,,,,,,,,,,,,,,,,,,,,,,,,,,,,,,,MAN,Subheader,Jump Ball,O20,O21:O32,O,Jump ball or tie-up,,,,,,,,,,,,,,,,,,,,,,,,,,,,,,,,,,,,,,,,,,,,,,,,,,,,,,,,,,,,,,,,,,Bad Foul,32,,,,,,,,,,,,,,,,,,,,,,Bad Foul,32,,,,,,,,,,,,,,,,,,,,,,,,,,,,,,,,,,,,,,,,,,,,,,,,,,,,,,,,,,,,,,,,,,,,,,,,,,,,,,,,,,,,,,,,,,,,,,,,,,,,,,,,,,,,,,,,,,,,,,,,,,,,,,,,,,,,,,,,,,,,,,,,,,,,,,,,,,,,,,,,,,,,,,,,,,,,,,,,,,,,,Bad Foul,32,,,,,,,,,,,,,,,,,,,,,,,,,,,,,,,,,,,,,,,,,,,,,,,,,,,,,,,,,,,,,,,,,,,,,,,,,,,,,,,,,,,,,
,,,,,,,,29,,,,,,,,,,,,,,,,,,,,,,,,,,,,,,,,,,,,,,,,,,,,,,,,,,MAN,Subheader,Good Foul,P20,P21:P32,P,Smart / non-shooting foul,,,,,,,,,,,,,,,,,,,,,,,,,,,,,,,,,,,,,,,,,,,,,,,,,,,,,,,,,,,,,,,,,,Failed Audible,32,,,,,,,,,,,,,,,,,,,,,,Failed Audible,32,,,,,,,,,,,,,,,,,,,,,,,,,,,,,,,,,,,,,,,,,,,,,,,,,,,,,,,,,,,,,,,,,,,,,,,,,,,,,,,,,,,,,,,,,,,,,,,,,,,,,,,,,,,,,,,,,,,,,,,,,,,,,,,,,,,,,,,,,,,,,,,,,,,,,,,,,,,,,,,,,,,,,,,,,,,,,,,,,,,,,Failed Audible,32,,,,,,,,,,,,,,,,,,,,,,,,,,,,,,,,,,,,,,,,,,,,,,,,,,,,,,,,,,,,,,,,,,,,,,,,,,,,,,,,,,,,,
,,,,,,,,30,,,,,,,,,,,,,,,,,,,,,,,,,,,,,,,,,,,,,,,,,,,,,,,,,,MAN,Subheader,Charge,Q20,Q21:Q32,Q,Offensive charge taken,,,,,,,,,,,,,,,,,,,,,,,,,,,,,,,,,,,,,,,,,,,,,,,,,,,,,,,,,,,,,,,,,,Middle Drive,32,,,,,,,,,,,,,,,,,,,,,,Middle Drive,32,,,,,,,,,,,,,,,,,,,,,,,,,,,,,,,,,,,,,,,,,,,,,,,,,,,,,,,,,,,,,,,,,,,,,,,,,,,,,,,,,,,,,,,,,,,,,,,,,,,,,,,,,,,,,,,,,,,,,,,,,,,,,,,,,,,,,,,,,,,,,,,,,,,,,,,,,,,,,,,,,,,,,,,,,,,,,,,,,,,,,Middle Drive,32,,,,,,,,,,,,,,,,,,,,,,,,,,,,,,,,,,,,,,,,,,,,,,,,,,,,,,,,,,,,,,,,,,,,,,,,,,,,,,,,,,,,,
,,,,,,,,31,,,,,,,,,,,,,,,,,,,,,,,,,,,,,,,,,,,,,,,,,,,,,,,,,,MAN,Subheader,Audible,R20,R21:R32,R,Defensive communication executed,,,,,,,,,,,,,,,,,,,,,,,,,,,,,,,,,,,,,,,,,,,,,,,,,,,,,,,,,,,,,,,,,,Missed REB Duty,32,,,,,,,,,,,,,,,,,,,,,,Missed REB Duty,32,,,,,,,,,,,,,,,,,,,,,,,,,,,,,,,,,,,,,,,,,,,,,,,,,,,,,,,,,,,,,,,,,,,,,,,,,,,,,,,,,,,,,,,,,,,,,,,,,,,,,,,,,,,,,,,,,,,,,,,,,,,,,,,,,,,,,,,,,,,,,,,,,,,,,,,,,,,,,,,,,,,,,,,,,,,,,,,,,,,,,Missed REB Duty,32,,,,,,,,,,,,,,,,,,,,,,,,,,,,,,,,,,,,,,,,,,,,,,,,,,,,,,,,,,,,,,,,,,,,,,,,,,,,,,,,,,,,,
,,,,,,,,32,,,,,,,,,,,,,,,,,,,,,,,,,,,,,,,,,,,,,,,,,,,,,,,,,,MAN,Subheader,Middle Drive,S20,S21:S32,S,Drive allowed through middle,,,,,,,,,,,,,,,,,,,,,,,,,,,,,,,,,,,,,,,,,,,,,,,,,,,,,,,,,,,,,,,,,,Missed Rotation,32,,,,,,,,,,,,,,,,,,,,,,Missed Rotation,32,,,,,,,,,,,,,,,,,,,,,,,,,,,,,,,,,,,,,,,,,,,,,,,,,,,,,,,,,,,,,,,,,,,,,,,,,,,,,,,,,,,,,,,,,,,,,,,,,,,,,,,,,,,,,,,,,,,,,,,,,,,,,,,,,,,,,,,,,,,,,,,,,,,,,,,,,,,,,,,,,,,,,,,,,,,,,,,,,,,,,Missed Rotation,32,,,,,,,,,,,,,,,,,,,,,,,,,,,,,,,,,,,,,,,,,,,,,,,,,,,,,,,,,,,,,,,,,,,,,,,,,,,,,,,,,,,,,
,,,,,,,,33,,,,,,,,,,,,,,,,,,,,,,,,,,,,,,,,,,,,,,,,,,,,,,,,,,MAN,Subheader,Missed Rotation,T20,T21:T32,T,Missed rotation,,,,,,,,,,,,,,,,,,,,,,,,,,,,,,,,,,,,,,,,,,,,,,,,,,,,,,,,,,,,,,,,,,No Shot Contest,32,,,,,,,,,,,,,,,,,,,,,,No Shot Contest,32,,,,,,,,,,,,,,,,,,,,,,,,,,,,,,,,,,,,,,,,,,,,,,,,,,,,,,,,,,,,,,,,,,,,,,,,,,,,,,,,,,,,,,,,,,,,,,,,,,,,,,,,,,,,,,,,,,,,,,,,,,,,,,,,,,,,,,,,,,,,,,,,,,,,,,,,,,,,,,,,,,,,,,,,,,,,,,,,,,,,,No Shot Contest,32,,,,,,,,,,,,,,,,,,,,,,,,,,,,,,,,,,,,,,,,,,,,,,,,,,,,,,,,,,,,,,,,,,,,,,,,,,,,,,,,,,,,,
,,,,,,,,34,,,,,,,,,,,,,,,,,,,,,,,,,,,,,,,,,,,,,,,,,,,,,,,,,,MAN,Subheader,Missed PNR Trap,U20,U21:U32,U,Failed trap,,,,,,,,,,,,,,,,,,,,,,,,,,,,,,,,,,,,,,,,,,,,,,,,,,,,,,,,,,,,,,,,,,No Front (High),32,,,,,,,,,,,,,,,,,,,,,,No Front (High),32,,,,,,,,,,,,,,,,,,,,,,,,,,,,,,,,,,,,,,,,,,,,,,,,,,,,,,,,,,,,,,,,,,,,,,,,,,,,,,,,,,,,,,,,,,,,,,,,,,,,,,,,,,,,,,,,,,,,,,,,,,,,,,,,,,,,,,,,,,,,,,,,,,,,,,,,,,,,,,,,,,,,,,,,,,,,,,,,,,,,,No Front (High),32,,,,,,,,,,,,,,,,,,,,,,,,,,,,,,,,,,,,,,,,,,,,,,,,,,,,,,,,,,,,,,,,,,,,,,,,,,,,,,,,,,,,,
,,,,,,,,35,,,,,,,,,,,,,,,,,,,,,,,,,,,,,,,,,,,,,,,,,,,,,,,,,,MAN,Subheader,Same Side Help,V20,V21:V32,V,Late or missing same-side help,,,,,,,,,,,,,,,,,,,,,,,,,,,,,,,,,,,,,,,,,,,,,,,,,,,,,,,,,,,,,,,,,,No Front (Low),32,,,,,,,,,,,,,,,,,,,,,,No Front (Low),32,,,,,,,,,,,,,,,,,,,,,,,,,,,,,,,,,,,,,,,,,,,,,,,,,,,,,,,,,,,,,,,,,,,,,,,,,,,,,,,,,,,,,,,,,,,,,,,,,,,,,,,,,,,,,,,,,,,,,,,,,,,,,,,,,,,,,,,,,,,,,,,,,,,,,,,,,,,,,,,,,,,,,,,,,,,,,,,,,,,,,No Front (Low),32,,,,,,,,,,,,,,,,,,,,,,,,,,,,,,,,,,,,,,,,,,,,,,,,,,,,,,,,,,,,,,,,,,,,,,,,,,,,,,,,,,,,,
,,,,,,,,36,,,,,,,,,,,,,,,,,,,,,,,,,,,,,,,,,,,,,,,,,,,,,,,,,,MAN,Subheader,Missed REB Duty,W20,W21:W32,W,Failed boxout or rebound duty,,,,,,,,,,,,,,,,,,,,,,,,,,,,,,,,,,,,,,,,,,,,,,,,,,,,,,,,,,,,,,,,,,Scored On,32,,,,,,,,,,,,,,,,,,,,,,Scored On,32,,,,,,,,,,,,,,,,,,,,,,,,,,,,,,,,,,,,,,,,,,,,,,,,,,,,,,,,,,,,,,,,,,,,,,,,,,,,,,,,,,,,,,,,,,,,,,,,,,,,,,,,,,,,,,,,,,,,,,,,,,,,,,,,,,,,,,,,,,,,,,,,,,,,,,,,,,,,,,,,,,,,,,,,,,,,,,,,,,,,,Scored On,32,,,,,,,,,,,,,,,,,,,,,,,,,,,,,,,,,,,,,,,,,,,,,,,,,,,,,,,,,,,,,,,,,,,,,,,,,,,,,,,,,,,,,
,,,,,,,,37,,,,,,,,,,,,,,,,,,,,,,,,,,,,,,,,,,,,,,,,,,,,,,,,,,MAN,Subheader,No Shot Contest,X20,X21:X32,X,No contest given,,,,,,,,,,,,,,,,,,,,,,,,,,,,,,,,,,,,,,,,,,,,,,,,,,,,,,,,,,,,,,,,,,Block,50,,,,1,1,,,,,,1,,,,,,,,3,0.5,,Block,50,,,,2,2,,,,,,2,,,,,,,,6,,,,,,,,,,,,,,,,,,,,,,,,,,,,,,,,,,,,,,,,,,,,,,,,,,,,,,,,,,,,,,,,,,,,,,,,,,,,,,,,,,,,,,,,,,,,,,,,,,,,,,,,,,,,,,,,,,,,,,,,,,,,,,,,,,,,,,,,,,,,,,,,,,,,,,,,,,,,,,,,,,Block,50,,,,0.3,0.1,,,,,,0.1,,,,,,,,0.5,,,,,,,,,,,,,,,,,,,,,,,,,,,,,,,,,,,,,,,,,,,,,,,,,,,,,,,,,,,,,,,,,,
,,,,,,,,38,,,,,,,,,,,,,,,,,,,,,,,,,,,,,,,,,,,,,,,,,,,,,,,,,,MAN,Subheader,Scored On,Y20,Y21:Y32,Y,Player scored against,,,,,,,,,,,,,,,,,,,,,,,,,,,,,,,,,,,,,,,,,,,,,,,,,,,,,,,,,,,,,,,,,,Charge,50,,,,,,,,,,,,,,,,,,,,,,Charge,50,,,,,,,,,,,,,,,,,,,,,,,,,,,,,,,,,,,,,,,,,,,,,,,,,,,,,,,,,,,,,,,,,,,,,,,,,,,,,,,,,,,,,,,,,,,,,,,,,,,,,,,,,,,,,,,,,,,,,,,,,,,,,,,,,,,,,,,,,,,,,,,,,,,,,,,,,,,,,,,,,,,,,,,,,,,,,,,,,,,,,Charge,50,,,,,,,,,,,,,,,,,,,,,,,,,,,,,,,,,,,,,,,,,,,,,,,,,,,,,,,,,,,,,,,,,,,,,,,,,,,,,,,,,,,,,
,,,,,,,,,,,,,,,,,,,,,,,,,,,,,,,,,,,,,,,,,,,,,,,,,,,,,,,,,,MAN,Subheader,Bad Foul,Z20,Z21:Z32,Z,Poor or unnecessary foul,,,,,,,,,,,,,,,,,,,,,,,,,,,,,,,,,,,,,,,,,,,,,,,,,,,,,,,,,,,,,,,,,,Contested Shot,50,3,4,9,3,8,,5,,2,1,13,3,,,,,,,51,8.9,,Contested Shot,50,6,8,18,6,16,,10,,4,2,26,6,,,,,,,102,,,,,,,,,,,,,,,,,,,,,,,,,,,,,,,,,,,,,,,,,,,,,,,,,,,,,,,,,,,,,,,,,,,,,,,,,,,,,,,,,,,,,,,,,,,,,,,,,,,,,,,,,,,,,,,,,,,,,,,,,,,,,,,,,,,,,,,,,,,,,,,,,,,,,,,,,,,,,,,,,,Contested Shot,50,0.4,0.5,1.1,0.8,1.0,,0.7,,1.0,1.0,1.6,0.8,,,,,,,8.9,,,,,,,,,,,,,,,,,,,,,,,,,,,,,,,,,,,,,,,,,,,,,,,,,,,,,,,,,,,,,,,,,,
,,,,,,,,,,,,,,,,,,,,,,,,,,,,,,,,,,,,,,,,,,,,,,,,,,,,,,,,,,MAN,Subheader,Failed Audible,AA20,AA21:AA32,AA,Miscommunication on audible,,,,,,,,,,,,,,,,,,,,,,,,,,,,,,,,,,,,,,,,,,,,,,,,,,,,,,,,,,,,,,,,,,Audible,50,,,,,,,,,,,,,,,,,,,,,,Audible,50,,,,,,,,,,,,,,,,,,,,,,,,,,,,,,,,,,,,,,,,,,,,,,,,,,,,,,,,,,,,,,,,,,,,,,,,,,,,,,,,,,,,,,,,,,,,,,,,,,,,,,,,,,,,,,,,,,,,,,,,,,,,,,,,,,,,,,,,,,,,,,,,,,,,,,,,,,,,,,,,,,,,,,,,,,,,,,,,,,,,,Audible,50,,,,,,,,,,,,,,,,,,,,,,,,,,,,,,,,,,,,,,,,,,,,,,,,,,,,,,,,,,,,,,,,,,,,,,,,,,,,,,,,,,,,,
,,,,,,,,,,,,,,,,,,,,,,,,,,,,,,,,,,,,,,,,,,,,,,,,,,,,,,,,,,MAN,Totals Row,Total,A33:AA33,A33:AA33,A–AA,Summary totals for all categories,,,,,,,,,,,,,,,,,,,,,,,,,,,,,,,,,,,,,,,,,,,,,,,,,,,,,,,,,,,,,,,,,,Good Foul,50,,,3,1,,,,,,,,,,,,,,,4,0.6,,Good Foul,50,,,3,1,,,,,,,,,,,,,,,4,,,,,,,,,,,,,,,,,,,,,,,,,,,,,,,,,,,,,,,,,,,,,,,,,,,,,,,,,,,,,,,,,,,,,,,,,,,,,,,,,,,,,,,,,,,,,,,,,,,,,,,,,,,,,,,,,,,,,,,,,,,,,,,,,,,,,,,,,,,,,,,,,,,,,,,,,,,,,,,,,,Good Foul,50,,,0.4,0.3,,,,,,,,,,,,,,,0.6,,,,,,,,,,,,,,,,,,,,,,,,,,,,,,,,,,,,,,,,,,,,,,,,,,,,,,,,,,,,,,,,,,
,,,,,,,,,,,,,,,,,,,,,,,,,,,,,,,,,,,,,,,,,,,,,,,,,,,,,,,,,,50,Main Header,50,A34:B34,A34:B34,A–B,Displays “50” defense name,,,,,,,,,,,,,,,,,,,,,,,,,,,,,,,,,,,,,,,,,,,,,,,,,,,,,,,,,,,,,,,,,,Jump Ball,50,2,3,2,,1,,2,,,,1,,,,,,,,11,1.4,,Jump Ball,50,4,6,4,,2,,4,,,,2,,,,,,,,22,,,,,,,,,,,,,,,,,,,,,,,,,,,,,,,,,,,,,,,,,,,,,,,,,,,,,,,,,,,,,,,,,,,,,,,,,,,,,,,,,,,,,,,,,,,,,,,,,,,,,,,,,,,,,,,,,,,,,,,,,,,,,,,,,,,,,,,,,,,,,,,,,,,,,,,,,,,,,,,,,,Jump Ball,50,0.3,0.4,0.3,,0.1,,0.3,,,,0.1,,,,,,,,1.4,,,,,,,,,,,,,,,,,,,,,,,,,,,,,,,,,,,,,,,,,,,,,,,,,,,,,,,,,,,,,,,,,,
,,,,,,,,,,,,,,,,,,,,,,,,,,,,,,,,,,,,,,,,,,,,,,,,,,,,,,,,,,50,Subheader,Player,A35,A36:A47,A,Player names,,,,,,,,,,,,,,,,,,,,,,,,,,,,,,,,,,,,,,,,,,,,,,,,,,,,,,,,,,,,,,,,,,Rebound,50,1,6,3,,4,,1,,1,,2,3,,,,,,,21,3.4,,Rebound,50,2,12,6,,8,,2,,2,,4,6,,,,,,,42,,,,,,,,,,,,,,,,,,,,,,,,,,,,,,,,,,,,,,,,,,,,,,,,,,,,,,,,,,,,,,,,,,,,,,,,,,,,,,,,,,,,,,,,,,,,,,,,,,,,,,,,,,,,,,,,,,,,,,,,,,,,,,,,,,,,,,,,,,,,,,,,,,,,,,,,,,,,,,,,,,Rebound,50,0.1,0.8,0.4,,0.5,,0.1,,0.5,,0.3,0.8,,,,,,,3.4,,,,,,,,,,,,,,,,,,,,,,,,,,,,,,,,,,,,,,,,,,,,,,,,,,,,,,,,,,,,,,,,,,
,,,,,,,,,,,,,,,,,,,,,,,,,,,,,,,,,,,,,,,,,,,,,,,,,,,,,,,,,,50,Subheader,Possessions,B35,B36:B47,B,Possessions logged,,,,,,,,,,,,,,,,,,,,,,,,,,,,,,,,,,,,,,,,,,,,,,,,,,,,,,,,,,,,,,,,,,Rotation Help,50,59,49,59,20,54,,23,,6,1,85,18,,,,,,,374,56.1,,Rotation Help,50,59,49,59,20,54,,23,,6,1,85,18,,,,,,,374,,,,,,,,,,,,,,,,,,,,,,,,,,,,,,,,,,,,,,,,,,,,,,,,,,,,,,,,,,,,,,,,,,,,,,,,,,,,,,,,,,,,,,,,,,,,,,,,,,,,,,,,,,,,,,,,,,,,,,,,,,,,,,,,,,,,,,,,,,,,,,,,,,,,,,,,,,,,,,,,,,Rotation Help,50,8.4,6.1,7.4,5.0,6.8,,3.3,,3.0,1.0,10.6,4.5,,,,,,,56.1,,,,,,,,,,,,,,,,,,,,,,,,,,,,,,,,,,,,,,,,,,,,,,,,,,,,,,,,,,,,,,,,,,
,,,,,,,,,,,,,,,,,,,,,,,,,,,,,,,,,,,,,,,,,,,,,,,,,,,,,,,,,,50,Subheader,Positive Total,C35,C36:C47,C,Positive outcomes,,,,,,,,,,,,,,,,,,,,,,,,,,,,,,,,,,,,,,,,,,,,,,,,,,,,,,,,,,,,,,,,,,Steal,50,7,3,5,,1,,2,,,,5,1,,,,,,,24,3.3,,Steal,50,21,9,15,,3,,6,,,,15,3,,,,,,,72,,,,,,,,,,,,,,,,,,,,,,,,,,,,,,,,,,,,,,,,,,,,,,,,,,,,,,,,,,,,,,,,,,,,,,,,,,,,,,,,,,,,,,,,,,,,,,,,,,,,,,,,,,,,,,,,,,,,,,,,,,,,,,,,,,,,,,,,,,,,,,,,,,,,,,,,,,,,,,,,,,Steal,50,1.0,0.4,0.6,,0.1,,0.3,,,,0.6,0.3,,,,,,,3.3,,,,,,,,,,,,,,,,,,,,,,,,,,,,,,,,,,,,,,,,,,,,,,,,,,,,,,,,,,,,,,,,,,
,,,,,,,,,,,,,,,,,,,,,,,,,,,,,,,,,,,,,,,,,,,,,,,,,,,,,,,,,,50,Subheader,Negative Total,D35,D36:D47,D,Negative outcomes,,,,,,,,,,,,,,,,,,,,,,,,,,,,,,,,,,,,,,,,,,,,,,,,,,,,,,,,,,,,,,,,,,Successful Trap,50,36,43,12,4,22,,16,,4,,31,5,,,,,,,173,25.2,,Successful Trap,50,72,86,24,8,44,,32,,8,,62,10,,,,,,,346,,,,,,,,,,,,,,,,,,,,,,,,,,,,,,,,,,,,,,,,,,,,,,,,,,,,,,,,,,,,,,,,,,,,,,,,,,,,,,,,,,,,,,,,,,,,,,,,,,,,,,,,,,,,,,,,,,,,,,,,,,,,,,,,,,,,,,,,,,,,,,,,,,,,,,,,,,,,,,,,,,Successful Trap,50,5.1,5.4,1.5,1.0,2.8,,2.3,,2.0,,3.9,1.3,,,,,,,25.2,,,,,,,,,,,,,,,,,,,,,,,,,,,,,,,,,,,,,,,,,,,,,,,,,,,,,,,,,,,,,,,,,,
,,,,,,,,,,,,,,,,,,,,,,,,,,,,,,,,,,,,,,,,,,,,,,,,,,,,,,,,,,50,Subheader,Net Performance,E35,E36:E47,E,Positives minus negatives,,,,,,,,,,,,,,,,,,,,,,,,,,,,,,,,,,,,,,,,,,,,,,,,,,,,,,,,,,,,,,,,,,Tip,50,13,9,5,4,12,,4,,2,,14,3,,,,,,,66,10.2,,Tip,50,13,9,5,4,12,,4,,2,,14,3,,,,,,,66,,,,,,,,,,,,,,,,,,,,,,,,,,,,,,,,,,,,,,,,,,,,,,,,,,,,,,,,,,,,,,,,,,,,,,,,,,,,,,,,,,,,,,,,,,,,,,,,,,,,,,,,,,,,,,,,,,,,,,,,,,,,,,,,,,,,,,,,,,,,,,,,,,,,,,,,,,,,,,,,,,Tip,50,1.9,1.1,0.6,1.0,1.5,,0.6,,1.0,,1.8,0.8,,,,,,,10.2,,,,,,,,,,,,,,,,,,,,,,,,,,,,,,,,,,,,,,,,,,,,,,,,,,,,,,,,,,,,,,,,,,
,,,,,,,,,,,,,,,,,,,,,,,,,,,,,,,,,,,,,,,,,,,,,,,,,,,,,,,,,,50,Subheader,PPP,F35,F36:F47,F,Points per possession,,,,,,,,,,,,,,,,,,,,,,,,,,,,,,,,,,,,,,,,,,,,,,,,,,,,,,,,,,,,,,,,,,Bad Foul,50,1,1,2,2,2,,,,,,5,,,,,,,,13,1.9,,Bad Foul,50,-1,-1,-2,-2,-2,,,,,,-5,,,,,,,,-13,,,,,,,,,,,,,,,,,,,,,,,,,,,,,,,,,,,,,,,,,,,,,,,,,,,,,,,,,,,,,,,,,,,,,,,,,,,,,,,,,,,,,,,,,,,,,,,,,,,,,,,,,,,,,,,,,,,,,,,,,,,,,,,,,,,,,,,,,,,,,,,,,,,,,,,,,,,,,,,,,,Bad Foul,50,0.1,0.1,0.3,0.5,0.3,,,,,,0.6,,,,,,,,1.9,,,,,,,,,,,,,,,,,,,,,,,,,,,,,,,,,,,,,,,,,,,,,,,,,,,,,,,,,,,,,,,,,,
,,,,,,,,,,,,,,,,,,,,,,,,,,,,,,,,,,,,,,,,,,,,,,,,,,,,,,,,,,50,Subheader,PPP +/- vs. Season Avg,G35,G36:G47,G,Compared to season average,,,,,,,,,,,,,,,,,,,,,,,,,,,,,,,,,,,,,,,,,,,,,,,,,,,,,,,,,,,,,,,,,,Failed Audible,50,,,,,,,,,,,,,,,,,,,,,,Failed Audible,50,,,,,,,,,,,,,,,,,,,,,,,,,,,,,,,,,,,,,,,,,,,,,,,,,,,,,,,,,,,,,,,,,,,,,,,,,,,,,,,,,,,,,,,,,,,,,,,,,,,,,,,,,,,,,,,,,,,,,,,,,,,,,,,,,,,,,,,,,,,,,,,,,,,,,,,,,,,,,,,,,,,,,,,,,,,,,,,,,,,,,Failed Audible,50,,,,,,,,,,,,,,,,,,,,,,,,,,,,,,,,,,,,,,,,,,,,,,,,,,,,,,,,,,,,,,,,,,,,,,,,,,,,,,,,,,,,,
,,,,,,,,,,,,,,,,,,,,,,,,,,,,,,,,,,,,,,,,,,,,,,,,,,,,,,,,,,50,Subheader,Tip,H35,H36:H47,H,Deflection / tip,,,,,,,,,,,,,,,,,,,,,,,,,,,,,,,,,,,,,,,,,,,,,,,,,,,,,,,,,,,,,,,,,,Middle Drive,50,,,,2,1,,,,,,1,,,,,,,,4,0.8,,Middle Drive,50,,,,-4,-2,,,,,,-2,,,,,,,,-8,,,,,,,,,,,,,,,,,,,,,,,,,,,,,,,,,,,,,,,,,,,,,,,,,,,,,,,,,,,,,,,,,,,,,,,,,,,,,,,,,,,,,,,,,,,,,,,,,,,,,,,,,,,,,,,,,,,,,,,,,,,,,,,,,,,,,,,,,,,,,,,,,,,,,,,,,,,,,,,,,,Middle Drive,50,,,,0.5,0.1,,,,,,0.1,,,,,,,,0.8,,,,,,,,,,,,,,,,,,,,,,,,,,,,,,,,,,,,,,,,,,,,,,,,,,,,,,,,,,,,,,,,,,
,,,,,,,,,,,,,,,,,,,,,,,,,,,,,,,,,,,,,,,,,,,,,,,,,,,,,,,,,,50,Subheader,Steal,I35,I36:I47,I,Steal recorded,,,,,,,,,,,,,,,,,,,,,,,,,,,,,,,,,,,,,,,,,,,,,,,,,,,,,,,,,,,,,,,,,,Missed REB Duty,50,,2,4,3,5,,,,,,3,,,,,,,,17,2.5,,Missed REB Duty,50,,-4,-8,-6,-10,,,,,,-6,,,,,,,,-34,,,,,,,,,,,,,,,,,,,,,,,,,,,,,,,,,,,,,,,,,,,,,,,,,,,,,,,,,,,,,,,,,,,,,,,,,,,,,,,,,,,,,,,,,,,,,,,,,,,,,,,,,,,,,,,,,,,,,,,,,,,,,,,,,,,,,,,,,,,,,,,,,,,,,,,,,,,,,,,,,,Missed REB Duty,50,,0.3,0.5,0.8,0.6,,,,,,0.4,,,,,,,,2.5,,,,,,,,,,,,,,,,,,,,,,,,,,,,,,,,,,,,,,,,,,,,,,,,,,,,,,,,,,,,,,,,,,
,,,,,,,,,,,,,,,,,,,,,,,,,,,,,,,,,,,,,,,,,,,,,,,,,,,,,,,,,,50,Subheader,Block,J35,J36:J47,J,Blocked shot,,,,,,,,,,,,,,,,,,,,,,,,,,,,,,,,,,,,,,,,,,,,,,,,,,,,,,,,,,,,,,,,,,Missed Rotation,50,9,11,16,7,11,,5,,,,6,5,,,,,,,70,10.5,,Missed Rotation,50,-18,-22,-32,-14,-22,,-10,,,,-12,-10,,,,,,,-140,,,,,,,,,,,,,,,,,,,,,,,,,,,,,,,,,,,,,,,,,,,,,,,,,,,,,,,,,,,,,,,,,,,,,,,,,,,,,,,,,,,,,,,,,,,,,,,,,,,,,,,,,,,,,,,,,,,,,,,,,,,,,,,,,,,,,,,,,,,,,,,,,,,,,,,,,,,,,,,,,,Missed Rotation,50,1.3,1.4,2.0,1.8,1.4,,0.7,,,,0.8,1.3,,,,,,,10.5,,,,,,,,,,,,,,,,,,,,,,,,,,,,,,,,,,,,,,,,,,,,,,,,,,,,,,,,,,,,,,,,,,
,,,,,,,,,,,,,,,,,,,,,,,,,,,,,,,,,,,,,,,,,,,,,,,,,,,,,,,,,,50,Subheader,Rebound,K35,K36:K47,K,Defensive rebound,,,,,,,,,,,,,,,,,,,,,,,,,,,,,,,,,,,,,,,,,,,,,,,,,,,,,,,,,,,,,,,,,,Missed Trap,50,10,10,1,,4,,7,,,,4,,,,,,,,36,4.8,,Missed Trap,50,-20,-20,-2,,-8,,-14,,,,-8,,,,,,,,-72,,,,,,,,,,,,,,,,,,,,,,,,,,,,,,,,,,,,,,,,,,,,,,,,,,,,,,,,,,,,,,,,,,,,,,,,,,,,,,,,,,,,,,,,,,,,,,,,,,,,,,,,,,,,,,,,,,,,,,,,,,,,,,,,,,,,,,,,,,,,,,,,,,,,,,,,,,,,,,,,,,Missed Trap,50,1.4,1.3,0.1,,0.5,,1.0,,,,0.5,,,,,,,,4.8,,,,,,,,,,,,,,,,,,,,,,,,,,,,,,,,,,,,,,,,,,,,,,,,,,,,,,,,,,,,,,,,,,
,,,,,,,,,,,,,,,,,,,,,,,,,,,,,,,,,,,,,,,,,,,,,,,,,,,,,,,,,,50,Subheader,Rotation Help,L35,L36:L47,L,,,,,,,,,,,,,,,,,,,,,,,,,,,,,,,,,,,,,,,,,,,,,,,,,,,,,,,,,,,,,,,,,,,No Shot Contest,50,4,3,6,4,2,,2,,,,4,4,,,,,,,29,4.7,,No Shot Contest,50,-8,-6,-12,-8,-4,,-4,,,,-8,-8,,,,,,,-58,,,,,,,,,,,,,,,,,,,,,,,,,,,,,,,,,,,,,,,,,,,,,,,,,,,,,,,,,,,,,,,,,,,,,,,,,,,,,,,,,,,,,,,,,,,,,,,,,,,,,,,,,,,,,,,,,,,,,,,,,,,,,,,,,,,,,,,,,,,,,,,,,,,,,,,,,,,,,,,,,,No Shot Contest,50,0.6,0.4,0.8,1.0,0.3,,0.3,,,,0.5,1.0,,,,,,,4.7,,,,,,,,,,,,,,,,,,,,,,,,,,,,,,,,,,,,,,,,,,,,,,,,,,,,,,,,,,,,,,,,,,
,,,,,,,,,,,,,,,,,,,,,,,,,,,,,,,,,,,,,,,,,,,,,,,,,,,,,,,,,,50,Subheader,Successful Trap,M35,M36:M47,M,Contested shot forced,,,,,,,,,,,,,,,,,,,,,,,,,,,,,,,,,,,,,,,,,,,,,,,,,,,,,,,,,,,,,,,,,,Same Side Help,50,,,,,,,,,,,2,,,,,,,,2,0.3,,Same Side Help,50,,,,,,,,,,,-4,,,,,,,,-4,,,,,,,,,,,,,,,,,,,,,,,,,,,,,,,,,,,,,,,,,,,,,,,,,,,,,,,,,,,,,,,,,,,,,,,,,,,,,,,,,,,,,,,,,,,,,,,,,,,,,,,,,,,,,,,,,,,,,,,,,,,,,,,,,,,,,,,,,,,,,,,,,,,,,,,,,,,,,,,,,,Same Side Help,50,,,,,,,,,,,0.3,,,,,,,,0.3,,,,,,,,,,,,,,,,,,,,,,,,,,,,,,,,,,,,,,,,,,,,,,,,,,,,,,,,,,,,,,,,,,
,,,,,,,,,,,,,,,,,,,,,,,,,,,,,,,,,,,,,,,,,,,,,,,,,,,,,,,,,,50,Subheader,Contested Shot,N35,N36:N47,N,Jump ball or tie-up,,,,,,,,,,,,,,,,,,,,,,,,,,,,,,,,,,,,,,,,,,,,,,,,,,,,,,,,,,,,,,,,,,Scored On,50,4,1,4,4,1,,,,,,4,2,,,,,,,20,3.3,,Scored On,50,-12,-3,-12,-12,-3,,,,,,-12,-6,,,,,,,-60,,,,,,,,,,,,,,,,,,,,,,,,,,,,,,,,,,,,,,,,,,,,,,,,,,,,,,,,,,,,,,,,,,,,,,,,,,,,,,,,,,,,,,,,,,,,,,,,,,,,,,,,,,,,,,,,,,,,,,,,,,,,,,,,,,,,,,,,,,,,,,,,,,,,,,,,,,,,,,,,,,Scored On,50,0.6,0.1,0.5,1.0,0.1,,,,,,0.5,0.5,,,,,,,3.3,,,,,,,,,,,,,,,,,,,,,,,,,,,,,,,,,,,,,,,,,,,,,,,,,,,,,,,,,,,,,,,,,,
,,,,,,,,,,,,,,,,,,,,,,,,,,,,,,,,,,,,,,,,,,,,,,,,,,,,,,,,,,50,Subheader,Jump Ball,O35,O36:O47,O,Smart / non-shooting foul,,,,,,,,,,,,,,,,,,,,,,,,,,,,,,,,,,,,,,,,,,,,,,,,,,,,,,,,,,,,,,,,,,Block,Man,2,3,2,1,7,,1,2,8,1,19,1,,,,,,,47,2.9,,Block,Man,4,6,4,2,14,,2,4,16,2,38,2,,,,,,,94,,,,,,,,,,,,,,,,,,,,,,,,,,,,,,,,,,,,,,,,,,,,,,,,,,,,,,,,,,,,,,,,,,,,,,,,,,,,,,,,,,,,,,,,,,,,,,,,,,,,,,,,,,,,,,,,,,,,,,,,,,,,,,,,,,,,,,,,,,,,,,,,,,,,,,,,,,,,,,,,,,Block,Man,0.1,0.2,0.1,0.1,0.4,,0.1,0.2,0.7,0.1,1.0,0.1,,,,,,,2.9,,,,,,,,,,,,,,,,,,,,,,,,,,,,,,,,,,,,,,,,,,,,,,,,,,,,,,,,,,,,,,,,,,
,,,,,,,,,,,,,,,,,,,,,,,,,,,,,,,,,,,,,,,,,,,,,,,,,,,,,,,,,,50,Subheader,Good Foul,P35,P36:P47,P,Offensive charge taken,,,,,,,,,,,,,,,,,,,,,,,,,,,,,,,,,,,,,,,,,,,,,,,,,,,,,,,,,,,,,,,,,,Charge,Man,,1,2,1,,,4,,,,,,,,,,,,8,0.4,,Charge,Man,,4,8,4,,,16,,,,,,,,,,,,32,,,,,,,,,,,,,,,,,,,,,,,,,,,,,,,,,,,,,,,,,,,,,,,,,,,,,,,,,,,,,,,,,,,,,,,,,,,,,,,,,,,,,,,,,,,,,,,,,,,,,,,,,,,,,,,,,,,,,,,,,,,,,,,,,,,,,,,,,,,,,,,,,,,,,,,,,,,,,,,,,,Charge,Man,,0.1,0.1,0.1,,,0.2,,,,,,,,,,,,0.4,,,,,,,,,,,,,,,,,,,,,,,,,,,,,,,,,,,,,,,,,,,,,,,,,,,,,,,,,,,,,,,,,,
,,,,,,,,,,,,,,,,,,,,,,,,,,,,,,,,,,,,,,,,,,,,,,,,,,,,,,,,,,50,Subheader,Charge,Q35,Q36:Q47,Q,Defensive communication executed,,,,,,,,,,,,,,,,,,,,,,,,,,,,,,,,,,,,,,,,,,,,,,,,,,,,,,,,,,,,,,,,,,Contested Shot,Man,74,39,68,19,95,2,43,9,21,7,96,38,,,,,,,511,29.0,,Contested Shot,Man,148,78,136,38,190,4,86,18,42,14,192,76,,,,,,,1022,,,,,,,,,,,,,,,,,,,,,,,,,,,,,,,,,,,,,,,,,,,,,,,,,,,,,,,,,,,,,,,,,,,,,,,,,,,,,,,,,,,,,,,,,,,,,,,,,,,,,,,,,,,,,,,,,,,,,,,,,,,,,,,,,,,,,,,,,,,,,,,,,,,,,,,,,,,,,,,,,,Contested Shot,Man,4.1,2.0,3.4,1.3,4.8,1.0,2.2,0.9,1.9,0.8,4.8,2.0,,,,,,,29.0,,,,,,,,,,,,,,,,,,,,,,,,,,,,,,,,,,,,,,,,,,,,,,,,,,,,,,,,,,,,,,,,,,
,,,,,,,,,,,,,,,,,,,,,,,,,,,,,,,,,,,,,,,,,,,,,,,,,,,,,,,,,,50,Subheader,Audible,R35,R36:R47,R,Drive allowed through middle,,,,,,,,,,,,,,,,,,,,,,,,,,,,,,,,,,,,,,,,,,,,,,,,,,,,,,,,,,,,,,,,,,Audible,Man,2,3,6,,1,,1,,,,,4,,,,,,,17,0.9,,Audible,Man,2,3,6,,1,,1,,,,,4,,,,,,,17,,,,,,,,,,,,,,,,,,,,,,,,,,,,,,,,,,,,,,,,,,,,,,,,,,,,,,,,,,,,,,,,,,,,,,,,,,,,,,,,,,,,,,,,,,,,,,,,,,,,,,,,,,,,,,,,,,,,,,,,,,,,,,,,,,,,,,,,,,,,,,,,,,,,,,,,,,,,,,,,,,Audible,Man,0.1,0.2,0.3,,0.1,,0.1,,,,,0.2,,,,,,,0.9,,,,,,,,,,,,,,,,,,,,,,,,,,,,,,,,,,,,,,,,,,,,,,,,,,,,,,,,,,,,,,,,,,
,,,,,,,,,,,,,,,,,,,,,,,,,,,,,,,,,,,,,,,,,,,,,,,,,,,,,,,,,,50,Subheader,Middle Drive,S35,S36:S47,S,Missed rotation,,,,,,,,,,,,,,,,,,,,,,,,,,,,,,,,,,,,,,,,,,,,,,,,,,,,,,,,,,,,,,,,,,Good Foul,Man,15,8,11,2,3,,10,2,5,,16,5,,,,,,,77,4.3,,Good Foul,Man,15,8,11,2,3,,10,2,5,,16,5,,,,,,,77,,,,,,,,,,,,,,,,,,,,,,,,,,,,,,,,,,,,,,,,,,,,,,,,,,,,,,,,,,,,,,,,,,,,,,,,,,,,,,,,,,,,,,,,,,,,,,,,,,,,,,,,,,,,,,,,,,,,,,,,,,,,,,,,,,,,,,,,,,,,,,,,,,,,,,,,,,,,,,,,,,Good Foul,Man,0.8,0.4,0.6,0.1,0.2,,0.5,0.2,0.5,,0.8,0.3,,,,,,,4.3,,,,,,,,,,,,,,,,,,,,,,,,,,,,,,,,,,,,,,,,,,,,,,,,,,,,,,,,,,,,,,,,,,
,,,,,,,,,,,,,,,,,,,,,,,,,,,,,,,,,,,,,,,,,,,,,,,,,,,,,,,,,,50,Subheader,Missed Rotation,T35,T36:T47,T,Failed trap coverage,,,,,,,,,,,,,,,,,,,,,,,,,,,,,,,,,,,,,,,,,,,,,,,,,,,,,,,,,,,,,,,,,,Jump Ball,Man,4,5,2,3,5,,4,2,2,,9,,,,,,,,36,2.1,,Jump Ball,Man,8,10,4,6,10,,8,4,4,,18,,,,,,,,72,,,,,,,,,,,,,,,,,,,,,,,,,,,,,,,,,,,,,,,,,,,,,,,,,,,,,,,,,,,,,,,,,,,,,,,,,,,,,,,,,,,,,,,,,,,,,,,,,,,,,,,,,,,,,,,,,,,,,,,,,,,,,,,,,,,,,,,,,,,,,,,,,,,,,,,,,,,,,,,,,,Jump Ball,Man,0.2,0.3,0.1,0.2,0.3,,0.2,0.2,0.2,,0.5,,,,,,,,2.1,,,,,,,,,,,,,,,,,,,,,,,,,,,,,,,,,,,,,,,,,,,,,,,,,,,,,,,,,,,,,,,,,,
,,,,,,,,,,,,,,,,,,,,,,,,,,,,,,,,,,,,,,,,,,,,,,,,,,,,,,,,,,50,Subheader,Missed Trap,U35,U36:U47,U,Failed boxout or rebound duty,,,,,,,,,,,,,,,,,,,,,,,,,,,,,,,,,,,,,,,,,,,,,,,,,,,,,,,,,,,,,,,,,,Rebound,Man,32,52,67,14,41,,20,7,11,6,32,25,,,,,,,307,17.0,,Rebound,Man,64,104,134,28,82,,40,14,22,12,64,50,,,,,,,614,,,,,,,,,,,,,,,,,,,,,,,,,,,,,,,,,,,,,,,,,,,,,,,,,,,,,,,,,,,,,,,,,,,,,,,,,,,,,,,,,,,,,,,,,,,,,,,,,,,,,,,,,,,,,,,,,,,,,,,,,,,,,,,,,,,,,,,,,,,,,,,,,,,,,,,,,,,,,,,,,,Rebound,Man,1.8,2.6,3.4,0.9,2.1,,1.0,0.7,1.0,0.7,1.6,1.3,,,,,,,17.0,,,,,,,,,,,,,,,,,,,,,,,,,,,,,,,,,,,,,,,,,,,,,,,,,,,,,,,,,,,,,,,,,,
,,,,,,,,,,,,,,,,,,,,,,,,,,,,,,,,,,,,,,,,,,,,,,,,,,,,,,,,,,50,Subheader,Same Side Help,V35,V36:V47,V,Late or missing same-side help,,,,,,,,,,,,,,,,,,,,,,,,,,,,,,,,,,,,,,,,,,,,,,,,,,,,,,,,,,,,,,,,,,Rotation Help,Man,150,162,155,38,172,2,145,12,47,12,240,94,,,,,,,1229,67.3,,Rotation Help,Man,150,162,155,38,172,2,145,12,47,12,240,94,,,,,,,1229,,,,,,,,,,,,,,,,,,,,,,,,,,,,,,,,,,,,,,,,,,,,,,,,,,,,,,,,,,,,,,,,,,,,,,,,,,,,,,,,,,,,,,,,,,,,,,,,,,,,,,,,,,,,,,,,,,,,,,,,,,,,,,,,,,,,,,,,,,,,,,,,,,,,,,,,,,,,,,,,,,Rotation Help,Man,8.3,8.1,7.8,2.5,8.6,1.0,7.3,1.2,4.3,1.3,12.0,4.9,,,,,,,67.3,,,,,,,,,,,,,,,,,,,,,,,,,,,,,,,,,,,,,,,,,,,,,,,,,,,,,,,,,,,,,,,,,,
,,,,,,,,,,,,,,,,,,,,,,,,,,,,,,,,,,,,,,,,,,,,,,,,,,,,,,,,,,50,Subheader,Missed REB Duty,W35,W36:W47,W,No contest given,,,,,,,,,,,,,,,,,,,,,,,,,,,,,,,,,,,,,,,,,,,,,,,,,,,,,,,,,,,,,,,,,,Steal,Man,36,24,25,9,16,,18,,8,1,35,8,,,,,,,180,9.8,,Steal,Man,108,72,75,27,48,,54,,24,3,105,24,,,,,,,540,,,,,,,,,,,,,,,,,,,,,,,,,,,,,,,,,,,,,,,,,,,,,,,,,,,,,,,,,,,,,,,,,,,,,,,,,,,,,,,,,,,,,,,,,,,,,,,,,,,,,,,,,,,,,,,,,,,,,,,,,,,,,,,,,,,,,,,,,,,,,,,,,,,,,,,,,,,,,,,,,,Steal,Man,2.0,1.2,1.3,0.6,0.8,,0.9,,0.7,0.1,1.8,0.4,,,,,,,9.8,,,,,,,,,,,,,,,,,,,,,,,,,,,,,,,,,,,,,,,,,,,,,,,,,,,,,,,,,,,,,,,,,,
,,,,,,,,,,,,,,,,,,,,,,,,,,,,,,,,,,,,,,,,,,,,,,,,,,,,,,,,,,50,Subheader,No Shot Contest,X35,X36:X47,X,Player scored against,,,,,,,,,,,,,,,,,,,,,,,,,,,,,,,,,,,,,,,,,,,,,,,,,,,,,,,,,,,,,,,,,,PNR Trap,Man,22,34,57,15,12,,5,2,2,3,24,26,,,,,,,202,10.9,,PNR Trap,Man,44,68,114,30,24,,10,4,4,6,48,52,,,,,,,404,,,,,,,,,,,,,,,,,,,,,,,,,,,,,,,,,,,,,,,,,,,,,,,,,,,,,,,,,,,,,,,,,,,,,,,,,,,,,,,,,,,,,,,,,,,,,,,,,,,,,,,,,,,,,,,,,,,,,,,,,,,,,,,,,,,,,,,,,,,,,,,,,,,,,,,,,,,,,,,,,,PNR Trap,Man,1.2,1.7,2.9,1.0,0.6,,0.3,0.2,0.2,0.3,1.2,1.4,,,,,,,10.9,,,,,,,,,,,,,,,,,,,,,,,,,,,,,,,,,,,,,,,,,,,,,,,,,,,,,,,,,,,,,,,,,,
,,,,,,,,,,,,,,,,,,,,,,,,,,,,,,,,,,,,,,,,,,,,,,,,,,,,,,,,,,50,Subheader,Scored On,Y35,Y36:Y47,Y,Poor or unnecessary foul,,,,,,,,,,,,,,,,,,,,,,,,,,,,,,,,,,,,,,,,,,,,,,,,,,,,,,,,,,,,,,,,,,Tip,Man,62,53,40,21,38,,30,4,25,3,65,14,,,,,,,355,19.9,,Tip,Man,62,53,40,21,38,,30,4,25,3,65,14,,,,,,,355,,,,,,,,,,,,,,,,,,,,,,,,,,,,,,,,,,,,,,,,,,,,,,,,,,,,,,,,,,,,,,,,,,,,,,,,,,,,,,,,,,,,,,,,,,,,,,,,,,,,,,,,,,,,,,,,,,,,,,,,,,,,,,,,,,,,,,,,,,,,,,,,,,,,,,,,,,,,,,,,,,Tip,Man,3.4,2.7,2.0,1.4,1.9,,1.5,0.4,2.3,0.3,3.3,0.7,,,,,,,19.9,,,,,,,,,,,,,,,,,,,,,,,,,,,,,,,,,,,,,,,,,,,,,,,,,,,,,,,,,,,,,,,,,,
,,,,,,,,,,,,,,,,,,,,,,,,,,,,,,,,,,,,,,,,,,,,,,,,,,,,,,,,,,50,Subheader,Bad Foul,Z35,Z36:Z47,Z,Miscommunication on audible,,,,,,,,,,,,,,,,,,,,,,,,,,,,,,,,,,,,,,,,,,,,,,,,,,,,,,,,,,,,,,,,,,Bad Foul,Man,15,29,18,16,26,,10,4,8,3,13,9,,,,,,,151,8.6,,Bad Foul,Man,-15,-29,-18,-16,-26,,-10,-4,-8,-3,-13,-9,,,,,,,-151,,,,,,,,,,,,,,,,,,,,,,,,,,,,,,,,,,,,,,,,,,,,,,,,,,,,,,,,,,,,,,,,,,,,,,,,,,,,,,,,,,,,,,,,,,,,,,,,,,,,,,,,,,,,,,,,,,,,,,,,,,,,,,,,,,,,,,,,,,,,,,,,,,,,,,,,,,,,,,,,,,Bad Foul,Man,0.8,1.5,0.9,1.1,1.3,,0.5,0.4,0.7,0.3,0.7,0.5,,,,,,,8.6,,,,,,,,,,,,,,,,,,,,,,,,,,,,,,,,,,,,,,,,,,,,,,,,,,,,,,,,,,,,,,,,,,
,,,,,,,,,,,,,,,,,,,,,,,,,,,,,,,,,,,,,,,,,,,,,,,,,,,,,,,,,,50,Subheader,Failed Audible,AA35,AA36:AA47,AA,,,,,,,,,,,,,,,,,,,,,,,,,,,,,,,,,,,,,,,,,,,,,,,,,,,,,,,,,,,,,,,,,,,Failed Audible,Man,,2,2,,,,,,,,,1,,,,,,,5,0.3,,Failed Audible,Man,,-4,-4,,,,,,,,,-2,,,,,,,-10,,,,,,,,,,,,,,,,,,,,,,,,,,,,,,,,,,,,,,,,,,,,,,,,,,,,,,,,,,,,,,,,,,,,,,,,,,,,,,,,,,,,,,,,,,,,,,,,,,,,,,,,,,,,,,,,,,,,,,,,,,,,,,,,,,,,,,,,,,,,,,,,,,,,,,,,,,,,,,,,,,Failed Audible,Man,,0.1,0.1,,,,,,,,,0.1,,,,,,,0.3,,,,,,,,,,,,,,,,,,,,,,,,,,,,,,,,,,,,,,,,,,,,,,,,,,,,,,,,,,,,,,,,,,
,,,,,,,,,,,,,,,,,,,,,,,,,,,,,,,,,,,,,,,,,,,,,,,,,,,,,,,,,,50,Totals Row,Total,A48:AA48,A48:AA48,A–AA,Summary totals for all categories,,,,,,,,,,,,,,,,,,,,,,,,,,,,,,,,,,,,,,,,,,,,,,,,,,,,,,,,,,,,,,,,,,Middle Drive,Man,11,6,9,5,8,,2,,6,,3,3,,,,,,,53,3.0,,Middle Drive,Man,-22,-12,-18,-10,-16,,-4,,-12,,-6,-6,,,,,,,-106,,,,,,,,,,,,,,,,,,,,,,,,,,,,,,,,,,,,,,,,,,,,,,,,,,,,,,,,,,,,,,,,,,,,,,,,,,,,,,,,,,,,,,,,,,,,,,,,,,,,,,,,,,,,,,,,,,,,,,,,,,,,,,,,,,,,,,,,,,,,,,,,,,,,,,,,,,,,,,,,,,Middle Drive,Man,0.6,0.3,0.5,0.3,0.4,,0.1,,0.5,,0.2,0.2,,,,,,,3.0,,,,,,,,,,,,,,,,,,,,,,,,,,,,,,,,,,,,,,,,,,,,,,,,,,,,,,,,,,,,,,,,,,
,,,,,,,,,,,,,,,,,,,,,,,,,,,,,,,,,,,,,,,,,,,,,,,,,,,,,,,,,,32,Main Header,32,A49:B49,A49:B49,A–B,Displays “32” defense name,,,,,,,,,,,,,,,,,,,,,,,,,,,,,,,,,,,,,,,,,,,,,,,,,,,,,,,,,,,,,,,,,,Missed PNR Trap,Man,6,6,19,12,7,,5,5,2,2,4,9,,,,,,,77,4.6,,Missed PNR Trap,Man,-12,-12,-38,-24,-14,,-10,-10,-4,-4,-8,-18,,,,,,,-154,,,,,,,,,,,,,,,,,,,,,,,,,,,,,,,,,,,,,,,,,,,,,,,,,,,,,,,,,,,,,,,,,,,,,,,,,,,,,,,,,,,,,,,,,,,,,,,,,,,,,,,,,,,,,,,,,,,,,,,,,,,,,,,,,,,,,,,,,,,,,,,,,,,,,,,,,,,,,,,,,,Missed PNR Trap,Man,0.3,0.3,1.0,0.8,0.4,,0.3,0.5,0.2,0.2,0.2,0.5,,,,,,,4.6,,,,,,,,,,,,,,,,,,,,,,,,,,,,,,,,,,,,,,,,,,,,,,,,,,,,,,,,,,,,,,,,,,
,,,,,,,,,,,,,,,,,,,,,,,,,,,,,,,,,,,,,,,,,,,,,,,,,,,,,,,,,,32,Subheader,Player,A50,A51:A62,A,Player names,,,,,,,,,,,,,,,,,,,,,,,,,,,,,,,,,,,,,,,,,,,,,,,,,,,,,,,,,,,,,,,,,,Missed REB Duty,Man,7,20,22,8,35,,12,,2,7,14,17,,,,,,,144,7.9,,Missed REB Duty,Man,-14,-40,-44,-16,-70,,-24,,-4,-14,-28,-34,,,,,,,-288,,,,,,,,,,,,,,,,,,,,,,,,,,,,,,,,,,,,,,,,,,,,,,,,,,,,,,,,,,,,,,,,,,,,,,,,,,,,,,,,,,,,,,,,,,,,,,,,,,,,,,,,,,,,,,,,,,,,,,,,,,,,,,,,,,,,,,,,,,,,,,,,,,,,,,,,,,,,,,,,,,Missed REB Duty,Man,0.4,1.0,1.1,0.5,1.8,,0.6,,0.2,0.8,0.7,0.9,,,,,,,7.9,,,,,,,,,,,,,,,,,,,,,,,,,,,,,,,,,,,,,,,,,,,,,,,,,,,,,,,,,,,,,,,,,,
,,,,,,,,,,,,,,,,,,,,,,,,,,,,,,,,,,,,,,,,,,,,,,,,,,,,,,,,,,32,Subheader,Possessions,B50,B51:B62,B,Possessions logged,,,,,,,,,,,,,,,,,,,,,,,,,,,,,,,,,,,,,,,,,,,,,,,,,,,,,,,,,,,,,,,,,,Missed Rotation,Man,55,58,82,45,99,1,56,11,37,25,27,29,,,,,,,525,31.4,,Missed Rotation,Man,-110,-116,-164,-90,-198,-2,-112,-22,-74,-50,-54,-58,,,,,,,-1050,,,,,,,,,,,,,,,,,,,,,,,,,,,,,,,,,,,,,,,,,,,,,,,,,,,,,,,,,,,,,,,,,,,,,,,,,,,,,,,,,,,,,,,,,,,,,,,,,,,,,,,,,,,,,,,,,,,,,,,,,,,,,,,,,,,,,,,,,,,,,,,,,,,,,,,,,,,,,,,,,,Missed Rotation,Man,3.1,2.9,4.1,3.0,5.0,0.5,2.8,1.1,3.4,2.8,1.4,1.5,,,,,,,31.4,,,,,,,,,,,,,,,,,,,,,,,,,,,,,,,,,,,,,,,,,,,,,,,,,,,,,,,,,,,,,,,,,,
,,,,,,,,,,,,,,,,,,,,,,,,,,,,,,,,,,,,,,,,,,,,,,,,,,,,,,,,,,32,Subheader,Positive Total,C50,C51:C62,C,Positive outcomes,,,,,,,,,,,,,,,,,,,,,,,,,,,,,,,,,,,,,,,,,,,,,,,,,,,,,,,,,,,,,,,,,,No Shot Contest,Man,48,52,47,25,50,,36,5,14,11,19,20,,,,,,,327,18.6,,No Shot Contest,Man,-96,-104,-94,-50,-100,,-72,-10,-28,-22,-38,-40,,,,,,,-654,,,,,,,,,,,,,,,,,,,,,,,,,,,,,,,,,,,,,,,,,,,,,,,,,,,,,,,,,,,,,,,,,,,,,,,,,,,,,,,,,,,,,,,,,,,,,,,,,,,,,,,,,,,,,,,,,,,,,,,,,,,,,,,,,,,,,,,,,,,,,,,,,,,,,,,,,,,,,,,,,,No Shot Contest,Man,2.7,2.6,2.4,1.7,2.5,,1.8,0.5,1.3,1.2,1.0,1.1,,,,,,,18.6,,,,,,,,,,,,,,,,,,,,,,,,,,,,,,,,,,,,,,,,,,,,,,,,,,,,,,,,,,,,,,,,,,
,,,,,,,,,,,,,,,,,,,,,,,,,,,,,,,,,,,,,,,,,,,,,,,,,,,,,,,,,,32,Subheader,Negative Total,D50,D51:D62,D,Negative outcomes,,,,,,,,,,,,,,,,,,,,,,,,,,,,,,,,,,,,,,,,,,,,,,,,,,,,,,,,,,,,,,,,,,Same Side Help,Man,9,6,5,7,15,,9,1,8,,12,,,,,,,,72,4.1,,Same Side Help,Man,-18,-12,-10,-14,-30,,-18,-2,-16,,-24,,,,,,,,-144,,,,,,,,,,,,,,,,,,,,,,,,,,,,,,,,,,,,,,,,,,,,,,,,,,,,,,,,,,,,,,,,,,,,,,,,,,,,,,,,,,,,,,,,,,,,,,,,,,,,,,,,,,,,,,,,,,,,,,,,,,,,,,,,,,,,,,,,,,,,,,,,,,,,,,,,,,,,,,,,,,Same Side Help,Man,0.5,0.3,0.3,0.5,0.8,,0.5,0.1,0.7,,0.6,,,,,,,,4.1,,,,,,,,,,,,,,,,,,,,,,,,,,,,,,,,,,,,,,,,,,,,,,,,,,,,,,,,,,,,,,,,,,
,,,,,,,,,,,,,,,,,,,,,,,,,,,,,,,,,,,,,,,,,,,,,,,,,,,,,,,,,,32,Subheader,Net Performance,E50,E51:E62,E,Positives minus negatives,,,,,,,,,,,,,,,,,,,,,,,,,,,,,,,,,,,,,,,,,,,,,,,,,,,,,,,,,,,,,,,,,,Scored On,Man,35,37,42,20,42,,32,1,10,3,21,12,,,,,,,255,14.0,,Scored On,Man,-105,-111,-126,-60,-126,,-96,-3,-30,-9,-63,-36,,,,,,,-765,,,,,,,,,,,,,,,,,,,,,,,,,,,,,,,,,,,,,,,,,,,,,,,,,,,,,,,,,,,,,,,,,,,,,,,,,,,,,,,,,,,,,,,,,,,,,,,,,,,,,,,,,,,,,,,,,,,,,,,,,,,,,,,,,,,,,,,,,,,,,,,,,,,,,,,,,,,,,,,,,,Scored On,Man,1.9,1.9,2.1,1.3,2.1,,1.6,0.1,0.9,0.3,1.1,0.6,,,,,,,14.0,,,,,,,,,,,,,,,,,,,,,,,,,,,,,,,,,,,,,,,,,,,,,,,,,,,,,,,,,,,,,,,,,,
,,,,,,,,,,,,,,,,,,,,,,,,,,,,,,,,,,,,,,,,,,,,,,,,,,,,,,,,,,32,Subheader,PPP,F50,F51:F62,F,Points per possession,,,,,,,,,,,,,,,,,,,,,,,,,,,,,,,,,,,,,,,,,,,,,,,,,,,,,,,,,,,,,,,,,,,,,,,,,,,,,,,,,,,,,,,,,,,,,,,,,,,,,,,,,,,,,,,,,,,,,,,,,,,,,,,,,,,,,,,,,,,,,,,,,,,,,,,,,,,,,,,,,,,,,,,,,,,,,,,,,,,,,,,,,,,,,,,,,,,,,,,,,,,,,,,,,,,,,,,,,,,,,,,,,,,,,,,,,,,,,,,,,,,,,,,,,,,,,,,,,,,,,,,,,,,,,,,,,,,,,,,,,,,,,,,,,,,,,,,,,,,,,,,,,,,,,,,,,,,,,,,,,,,,,,,,,,,,,,,,,,,,,,,,,,,,,,,,,,,,,
,,,,,,,,,,,,,,,,,,,,,,,,,,,,,,,,,,,,,,,,,,,,,,,,,,,,,,,,,,32,Subheader,PPP +/- vs. Season Avg,G50,G51:G62,G,Compared to season average,,,,,,,,,,,,,,,,,,,,,,,,,,,,,,,,,,,,,,,,,,,,,,,,,,,,,,,,,,,,,,,,,,,,,,,,,,,,,,,,,,,,,,,,,,,,,,,,,,,,,,,,,,,,,,,,,,,,,,,,,,,,,,,,,,,,,,,,,,,,,,,,,,,,,,,,,,,,,,,,,,,,,,,,,,,,,,,,,,,,,,,,,,,,,,,,,,,,,,,,,,,,,,,,,,,,,,,,,,,,,,,,,,,,,,,,,,,,,,,,,,,,,,,,,,,,,,,,,,,,,,,,,,,,,,,,,,,,,,,,,,,,,,,,,,,,,,,,,,,,,,,,,,,,,,,,,,,,,,,,,,,,,,,,,,,,,,,,,,,,,,,,,,,,,,,,,,,,,
,,,,,,,,,,,,,,,,,,,,,,,,,,,,,,,,,,,,,,,,,,,,,,,,,,,,,,,,,,32,Subheader,Tip,H50,H51:H62,H,Deflection / tip,,,,,,,,,,,,,,,,,,,,,,,,,,,,,,,,,,,,,,,,,,,,,,,,,,,,,,,,,,,,,,,,,,,,,,,,,,,,,,,,,,,,,,,,,,,,,,,,,,,,,,,,,,,,,,,,,,,,,,,,,,,,,,,,,,,,,,,,,,,,,,,,,,,,,,,,,,,,,,,,,,,,,,,,,,,,,,,,,,,,,,,,,,,,,,,,,,,,,,,,,,,,,,,,,,,,,,,,,,,,,,,,,,,,,,,,,,,,,,,,,,,,,,,,,,,,,,,,,,,,,,,,,,,,,,,,,,,,,,,,,,,,,,,,,,,,,,,,,,,,,,,,,,,,,,,,,,,,,,,,,,,,,,,,,,,,,,,,,,,,,,,,,,,,,,,,,,,,,
,,,,,,,,,,,,,,,,,,,,,,,,,,,,,,,,,,,,,,,,,,,,,,,,,,,,,,,,,,32,Subheader,Steal,I50,I51:I62,I,Steal recorded,,,,,,,,,,,,,,,,,,,,,,,,,,,,,,,,,,,,,,,,,,,,,,,,,,,,,,,,,,,,,,,,,,,,,,,,,,,,,,,,,,,,,,,,,,,,,,,,,,,,,,,,,,,,,,,,,,,,,,,,,,,,,,,,,,,,,,,,,,,,,,,,,,,,,,,,,,,,,,,,,,,,,,,,,,,,,,,,,,,,,,,,,,,,,,,,,,,,,,,,,,,,,,,,,,,,,,,,,,,,,,,,,,,,,,,,,,,,,,,,,,,,,,,,,,,,,,,,,,,,,,,,,,,,,,,,,,,,,,,,,,,,,,,,,,,,,,,,,,,,,,,,,,,,,,,,,,,,,,,,,,,,,,,,,,,,,,,,,,,,,,,,,,,,,,,,,,,,,
,,,,,,,,,,,,,,,,,,,,,,,,,,,,,,,,,,,,,,,,,,,,,,,,,,,,,,,,,,32,Subheader,Block,J50,J51:J62,J,Blocked shot,,,,,,,,,,,,,,,,,,,,,,,,,,,,,,,,,,,,,,,,,,,,,,,,,,,,,,,,,,,,,,,,,,,,,,,,,,,,,,,,,,,,,,,,,,,,,,,,,,,,,,,,,,,,,,,,,,,,,,,,,,,,,,,,,,,,,,,,,,,,,,,,,,,,,,,,,,,,,,,,,,,,,,,,,,,,,,,,,,,,,,,,,,,,,,,,,,,,,,,,,,,,,,,,,,,,,,,,,,,,,,,,,,,,,,,,,,,,,,,,,,,,,,,,,,,,,,,,,,,,,,,,,,,,,,,,,,,,,,,,,,,,,,,,,,,,,,,,,,,,,,,,,,,,,,,,,,,,,,,,,,,,,,,,,,,,,,,,,,,,,,,,,,,,,,,,,,,,,
,,,,,,,,,,,,,,,,,,,,,,,,,,,,,,,,,,,,,,,,,,,,,,,,,,,,,,,,,,32,Subheader,Rebound,K50,K51:K62,K,Defensive rebound,,,,,,,,,,,,,,,,,,,,,,,,,,,,,,,,,,,,,,,,,,,,,,,,,,,,,,,,,,,,,,,,,,,,,,,,,,,,,,,,,,,,,,,,,,,,,,,,,,,,,,,,,,,,,,,,,,,,,,,,,,,,,,,,,,,,,,,,,,,,,,,,,,,,,,,,,,,,,,,,,,,,,,,,,,,,,,,,,,,,,,,,,,,,,,,,,,,,,,,,,,,,,,,,,,,,,,,,,,,,,,,,,,,,,,,,,,,,,,,,,,,,,,,,,,,,,,,,,,,,,,,,,,,,,,,,,,,,,,,,,,,,,,,,,,,,,,,,,,,,,,,,,,,,,,,,,,,,,,,,,,,,,,,,,,,,,,,,,,,,,,,,,,,,,,,,,,,,,
,,,,,,,,,,,,,,,,,,,,,,,,,,,,,,,,,,,,,,,,,,,,,,,,,,,,,,,,,,32,Subheader,Rotation Help,L50,L51:L62,L,Rotational coverage,,,,,,,,,,,,,,,,,,,,,,,,,,,,,,,,,,,,,,,,,,,,,,,,,,,,,,,,,,,,,,,,,,,,,,,,,,,,,,,,,,,,,,,,,,,,,,,,,,,,,,,,,,,,,,,,,,,,,,,,,,,,,,,,,,,,,,,,,,,,,,,,,,,,,,,,,,,,,,,,,,,,,,,,,,,,,,,,,,,,,,,,,,,,,,,,,,,,,,,,,,,,,,,,,,,,,,,,,,,,,,,,,,,,,,,,,,,,,,,,,,,,,,,,,,,,,,,,,,,,,,,,,,,,,,,,,,,,,,,,,,,,,,,,,,,,,,,,,,,,,,,,,,,,,,,,,,,,,,,,,,,,,,,,,,,,,,,,,,,,,,,,,,,,,,,,,,,,,
,,,,,,,,,,,,,,,,,,,,,,,,,,,,,,,,,,,,,,,,,,,,,,,,,,,,,,,,,,32,Subheader,Post Shift,M50,M51:M62,M,Post coverage adjustment,,,,,,,,,,,,,,,,,,,,,,,,,,,,,,,,,,,,,,,,,,,,,,,,,,,,,,,,,,,,,,,,,,,,,,,,,,,,,,,,,,,,,,,,,,,,,,,,,,,,,,,,,,,,,,,,,,,,,,,,,,,,,,,,,,,,,,,,,,,,,,,,,,,,,,,,,,,,,,,,,,,,,,,,,,,,,,,,,,,,,,,,,,,,,,,,,,,,,,,,,,,,,,,,,,,,,,,,,,,,,,,,,,,,,,,,,,,,,,,,,,,,,,,,,,,,,,,,,,,,,,,,,,,,,,,,,,,,,,,,,,,,,,,,,,,,,,,,,,,,,,,,,,,,,,,,,,,,,,,,,,,,,,,,,,,,,,,,,,,,,,,,,,,,,,,,,,,,,
,,,,,,,,,,,,,,,,,,,,,,,,,,,,,,,,,,,,,,,,,,,,,,,,,,,,,,,,,,32,Subheader,Contested Shot,N50,N51:N62,N,Contested shot forced,,,,,,,,,,,,,,,,,,,,,,,,,,,,,,,,,,,,,,,,,,,,,,,,,,,,,,,,,,,,,,,,,,,,,,,,,,,,,,,,,,,,,,,,,,,,,,,,,,,,,,,,,,,,,,,,,,,,,,,,,,,,,,,,,,,,,,,,,,,,,,,,,,,,,,,,,,,,,,,,,,,,,,,,,,,,,,,,,,,,,,,,,,,,,,,,,,,,,,,,,,,,,,,,,,,,,,,,,,,,,,,,,,,,,,,,,,,,,,,,,,,,,,,,,,,,,,,,,,,,,,,,,,,,,,,,,,,,,,,,,,,,,,,,,,,,,,,,,,,,,,,,,,,,,,,,,,,,,,,,,,,,,,,,,,,,,,,,,,,,,,,,,,,,,,,,,,,,,
,,,,,,,,,,,,,,,,,,,,,,,,,,,,,,,,,,,,,,,,,,,,,,,,,,,,,,,,,,32,Subheader,Jump Ball,O50,O51:O62,O,Jump ball or tie-up,,,,,,,,,,,,,,,,,,,,,,,,,,,,,,,,,,,,,,,,,,,,,,,,,,,,,,,,,,,,,,,,,,,,,,,,,,,,,,,,,,,,,,,,,,,,,,,,,,,,,,,,,,,,,,,,,,,,,,,,,,,,,,,,,,,,,,,,,,,,,,,,,,,,,,,,,,,,,,,,,,,,,,,,,,,,,,,,,,,,,,,,,,,,,,,,,,,,,,,,,,,,,,,,,,,,,,,,,,,,,,,,,,,,,,,,,,,,,,,,,,,,,,,,,,,,,,,,,,,,,,,,,,,,,,,,,,,,,,,,,,,,,,,,,,,,,,,,,,,,,,,,,,,,,,,,,,,,,,,,,,,,,,,,,,,,,,,,,,,,,,,,,,,,,,,,,,,,,
,,,,,,,,,,,,,,,,,,,,,,,,,,,,,,,,,,,,,,,,,,,,,,,,,,,,,,,,,,32,Subheader,Good Foul,P50,P51:P62,P,Smart / non-shooting foul,,,,,,,,,,,,,,,,,,,,,,,,,,,,,,,,,,,,,,,,,,,,,,,,,,,,,,,,,,,,,,,,,,,,,,,,,,,,,,,,,,,,,,,,,,,,,,,,,,,,,,,,,,,,,,,,,,,,,,,,,,,,,,,,,,,,,,,,,,,,,,,,,,,,,,,,,,,,,,,,,,,,,,,,,,,,,,,,,,,,,,,,,,,,,,,,,,,,,,,,,,,,,,,,,,,,,,,,,,,,,,,,,,,,,,,,,,,,,,,,,,,,,,,,,,,,,,,,,,,,,,,,,,,,,,,,,,,,,,,,,,,,,,,,,,,,,,,,,,,,,,,,,,,,,,,,,,,,,,,,,,,,,,,,,,,,,,,,,,,,,,,,,,,,,,,,,,,,,
,,,,,,,,,,,,,,,,,,,,,,,,,,,,,,,,,,,,,,,,,,,,,,,,,,,,,,,,,,32,Subheader,Charge,Q50,Q51:Q62,Q,Offensive charge taken,,,,,,,,,,,,,,,,,,,,,,,,,,,,,,,,,,,,,,,,,,,,,,,,,,,,,,,,,,,,,,,,,,,,,,,,,,,,,,,,,,,,,,,,,,,,,,,,,,,,,,,,,,,,,,,,,,,,,,,,,,,,,,,,,,,,,,,,,,,,,,,,,,,,,,,,,,,,,,,,,,,,,,,,,,,,,,,,,,,,,,,,,,,,,,,,,,,,,,,,,,,,,,,,,,,,,,,,,,,,,,,,,,,,,,,,,,,,,,,,,,,,,,,,,,,,,,,,,,,,,,,,,,,,,,,,,,,,,,,,,,,,,,,,,,,,,,,,,,,,,,,,,,,,,,,,,,,,,,,,,,,,,,,,,,,,,,,,,,,,,,,,,,,,,,,,,,,,,
,,,,,,,,,,,,,,,,,,,,,,,,,,,,,,,,,,,,,,,,,,,,,,,,,,,,,,,,,,32,Subheader,Audible,R50,R51:R62,R,Defensive communication executed,,,,,,,,,,,,,,,,,,,,,,,,,,,,,,,,,,,,,,,,,,,,,,,,,,,,,,,,,,,,,,,,,,,,,,,,,,,,,,,,,,,,,,,,,,,,,,,,,,,,,,,,,,,,,,,,,,,,,,,,,,,,,,,,,,,,,,,,,,,,,,,,,,,,,,,,,,,,,,,,,,,,,,,,,,,,,,,,,,,,,,,,,,,,,,,,,,,,,,,,,,,,,,,,,,,,,,,,,,,,,,,,,,,,,,,,,,,,,,,,,,,,,,,,,,,,,,,,,,,,,,,,,,,,,,,,,,,,,,,,,,,,,,,,,,,,,,,,,,,,,,,,,,,,,,,,,,,,,,,,,,,,,,,,,,,,,,,,,,,,,,,,,,,,,,,,,,,,,
,,,,,,,,,,,,,,,,,,,,,,,,,,,,,,,,,,,,,,,,,,,,,,,,,,,,,,,,,,32,Subheader,Middle Drive,S50,S51:S62,S,Drive allowed through middle,,,,,,,,,,,,,,,,,,,,,,,,,,,,,,,,,,,,,,,,,,,,,,,,,,,,,,,,,,,,,,,,,,,,,,,,,,,,,,,,,,,,,,,,,,,,,,,,,,,,,,,,,,,,,,,,,,,,,,,,,,,,,,,,,,,,,,,,,,,,,,,,,,,,,,,,,,,,,,,,,,,,,,,,,,,,,,,,,,,,,,,,,,,,,,,,,,,,,,,,,,,,,,,,,,,,,,,,,,,,,,,,,,,,,,,,,,,,,,,,,,,,,,,,,,,,,,,,,,,,,,,,,,,,,,,,,,,,,,,,,,,,,,,,,,,,,,,,,,,,,,,,,,,,,,,,,,,,,,,,,,,,,,,,,,,,,,,,,,,,,,,,,,,,,,,,,,,,,
,,,,,,,,,,,,,,,,,,,,,,,,,,,,,,,,,,,,,,,,,,,,,,,,,,,,,,,,,,32,Subheader,Missed Rotation,T50,T51:T62,T,Missed rotation,,,,,,,,,,,,,,,,,,,,,,,,,,,,,,,,,,,,,,,,,,,,,,,,,,,,,,,,,,,,,,,,,,,,,,,,,,,,,,,,,,,,,,,,,,,,,,,,,,,,,,,,,,,,,,,,,,,,,,,,,,,,,,,,,,,,,,,,,,,,,,,,,,,,,,,,,,,,,,,,,,,,,,,,,,,,,,,,,,,,,,,,,,,,,,,,,,,,,,,,,,,,,,,,,,,,,,,,,,,,,,,,,,,,,,,,,,,,,,,,,,,,,,,,,,,,,,,,,,,,,,,,,,,,,,,,,,,,,,,,,,,,,,,,,,,,,,,,,,,,,,,,,,,,,,,,,,,,,,,,,,,,,,,,,,,,,,,,,,,,,,,,,,,,,,,,,,,,,
,,,,,,,,,,,,,,,,,,,,,,,,,,,,,,,,,,,,,,,,,,,,,,,,,,,,,,,,,,32,Subheader,No Front (High),U50,U51:U62,U,,,,,,,,,,,,,,,,,,,,,,,,,,,,,,,,,,,,,,,,,,,,,,,,,,,,,,,,,,,,,,,,,,,,,,,,,,,,,,,,,,,,,,,,,,,,,,,,,,,,,,,,,,,,,,,,,,,,,,,,,,,,,,,,,,,,,,,,,,,,,,,,,,,,,,,,,,,,,,,,,,,,,,,,,,,,,,,,,,,,,,,,,,,,,,,,,,,,,,,,,,,,,,,,,,,,,,,,,,,,,,,,,,,,,,,,,,,,,,,,,,,,,,,,,,,,,,,,,,,,,,,,,,,,,,,,,,,,,,,,,,,,,,,,,,,,,,,,,,,,,,,,,,,,,,,,,,,,,,,,,,,,,,,,,,,,,,,,,,,,,,,,,,,,,,,,,,,,,,
,,,,,,,,,,,,,,,,,,,,,,,,,,,,,,,,,,,,,,,,,,,,,,,,,,,,,,,,,,32,Subheader,No Front (Low),V50,V51:V62,V,,,,,,,,,,,,,,,,,,,,,,,,,,,,,,,,,,,,,,,,,,,,,,,,,,,,,,,,,,,,,,,,,,,,,,,,,,,,,,,,,,,,,,,,,,,,,,,,,,,,,,,,,,,,,,,,,,,,,,,,,,,,,,,,,,,,,,,,,,,,,,,,,,,,,,,,,,,,,,,,,,,,,,,,,,,,,,,,,,,,,,,,,,,,,,,,,,,,,,,,,,,,,,,,,,,,,,,,,,,,,,,,,,,,,,,,,,,,,,,,,,,,,,,,,,,,,,,,,,,,,,,,,,,,,,,,,,,,,,,,,,,,,,,,,,,,,,,,,,,,,,,,,,,,,,,,,,,,,,,,,,,,,,,,,,,,,,,,,,,,,,,,,,,,,,,,,,,,,,
,,,,,,,,,,,,,,,,,,,,,,,,,,,,,,,,,,,,,,,,,,,,,,,,,,,,,,,,,,32,Subheader,Missed REB Duty,W50,W51:W62,W,Failed boxout or rebound duty,,,,,,,,,,,,,,,,,,,,,,,,,,,,,,,,,,,,,,,,,,,,,,,,,,,,,,,,,,,,,,,,,,,,,,,,,,,,,,,,,,,,,,,,,,,,,,,,,,,,,,,,,,,,,,,,,,,,,,,,,,,,,,,,,,,,,,,,,,,,,,,,,,,,,,,,,,,,,,,,,,,,,,,,,,,,,,,,,,,,,,,,,,,,,,,,,,,,,,,,,,,,,,,,,,,,,,,,,,,,,,,,,,,,,,,,,,,,,,,,,,,,,,,,,,,,,,,,,,,,,,,,,,,,,,,,,,,,,,,,,,,,,,,,,,,,,,,,,,,,,,,,,,,,,,,,,,,,,,,,,,,,,,,,,,,,,,,,,,,,,,,,,,,,,,,,,,,,,
,,,,,,,,,,,,,,,,,,,,,,,,,,,,,,,,,,,,,,,,,,,,,,,,,,,,,,,,,,32,Subheader,No Shot Contest,X50,X51:X62,X,No contest given,,,,,,,,,,,,,,,,,,,,,,,,,,,,,,,,,,,,,,,,,,,,,,,,,,,,,,,,,,,,,,,,,,,,,,,,,,,,,,,,,,,,,,,,,,,,,,,,,,,,,,,,,,,,,,,,,,,,,,,,,,,,,,,,,,,,,,,,,,,,,,,,,,,,,,,,,,,,,,,,,,,,,,,,,,,,,,,,,,,,,,,,,,,,,,,,,,,,,,,,,,,,,,,,,,,,,,,,,,,,,,,,,,,,,,,,,,,,,,,,,,,,,,,,,,,,,,,,,,,,,,,,,,,,,,,,,,,,,,,,,,,,,,,,,,,,,,,,,,,,,,,,,,,,,,,,,,,,,,,,,,,,,,,,,,,,,,,,,,,,,,,,,,,,,,,,,,,,,
,,,,,,,,,,,,,,,,,,,,,,,,,,,,,,,,,,,,,,,,,,,,,,,,,,,,,,,,,,32,Subheader,Scored On,Y50,Y51:Y62,Y,Player scored against,,,,,,,,,,,,,,,,,,,,,,,,,,,,,,,,,,,,,,,,,,,,,,,,,,,,,,,,,,,,,,,,,,,,,,,,,,,,,,,,,,,,,,,,,,,,,,,,,,,,,,,,,,,,,,,,,,,,,,,,,,,,,,,,,,,,,,,,,,,,,,,,,,,,,,,,,,,,,,,,,,,,,,,,,,,,,,,,,,,,,,,,,,,,,,,,,,,,,,,,,,,,,,,,,,,,,,,,,,,,,,,,,,,,,,,,,,,,,,,,,,,,,,,,,,,,,,,,,,,,,,,,,,,,,,,,,,,,,,,,,,,,,,,,,,,,,,,,,,,,,,,,,,,,,,,,,,,,,,,,,,,,,,,,,,,,,,,,,,,,,,,,,,,,,,,,,,,,,
,,,,,,,,,,,,,,,,,,,,,,,,,,,,,,,,,,,,,,,,,,,,,,,,,,,,,,,,,,32,Subheader,Bad Foul,Z50,Z51:Z62,Z,Poor or unnecessary foul,,,,,,,,,,,,,,,,,,,,,,,,,,,,,,,,,,,,,,,,,,,,,,,,,,,,,,,,,,,,,,,,,,,,,,,,,,,,,,,,,,,,,,,,,,,,,,,,,,,,,,,,,,,,,,,,,,,,,,,,,,,,,,,,,,,,,,,,,,,,,,,,,,,,,,,,,,,,,,,,,,,,,,,,,,,,,,,,,,,,,,,,,,,,,,,,,,,,,,,,,,,,,,,,,,,,,,,,,,,,,,,,,,,,,,,,,,,,,,,,,,,,,,,,,,,,,,,,,,,,,,,,,,,,,,,,,,,,,,,,,,,,,,,,,,,,,,,,,,,,,,,,,,,,,,,,,,,,,,,,,,,,,,,,,,,,,,,,,,,,,,,,,,,,,,,,,,,,,
,,,,,,,,,,,,,,,,,,,,,,,,,,,,,,,,,,,,,,,,,,,,,,,,,,,,,,,,,,32,Subheader,Failed Audible,AA50,AA51:AA62,AA,Miscommunication on audible,,,,,,,,,,,,,,,,,,,,,,,,,,,,,,,,,,,,,,,,,,,,,,,,,,,,,,,,,,,,,,,,,,,,,,,,,,,,,,,,,,,,,,,,,,,,,,,,,,,,,,,,,,,,,,,,,,,,,,,,,,,,,,,,,,,,,,,,,,,,,,,,,,,,,,,,,,,,,,,,,,,,,,,,,,,,,,,,,,,,,,,,,,,,,,,,,,,,,,,,,,,,,,,,,,,,,,,,,,,,,,,,,,,,,,,,,,,,,,,,,,,,,,,,,,,,,,,,,,,,,,,,,,,,,,,,,,,,,,,,,,,,,,,,,,,,,,,,,,,,,,,,,,,,,,,,,,,,,,,,,,,,,,,,,,,,,,,,,,,,,,,,,,,,,,,,,,,,,
,,,,,,,,,,,,,,,,,,,,,,,,,,,,,,,,,,,,,,,,,,,,,,,,,,,,,,,,,,32,Totals Row,Total,A63:AA63,A63:AA63,A–AA,Summary totals for all categories,,,,,,,,,,,,,,,,,,,,,,,,,,,,,,,,,,,,,,,,,,,,,,,,,,,,,,,,,,,,,,,,,,,,,,,,,,,,,,,,,,,,,,,,,,,,,,,,,,,,,,,,,,,,,,,,,,,,,,,,,,,,,,,,,,,,,,,,,,,,,,,,,,,,,,,,,,,,,,,,,,,,,,,,,,,,,,,,,,,,,,,,,,,,,,,,,,,,,,,,,,,,,,,,,,,,,,,,,,,,,,,,,,,,,,,,,,,,,,,,,,,,,,,,,,,,,,,,,,,,,,,,,,,,,,,,,,,,,,,,,,,,,,,,,,,,,,,,,,,,,,,,,,,,,,,,,,,,,,,,,,,,,,,,,,,,,,,,,,,,,,,,,,,,,,,,,,,,,
,,,,,,,,,,,,,,,,,,,,,,,,,,,,,,,,,,,,,,,,,,,,,,,,,,,,,,,,,,21,Main Header,21,A64:B64,A64:B64,A–B,Displays “21” defense name,,,,,,,,,,,,,,,,,,,,,,,,,,,,,,,,,,,,,,,,,,,,,,,,,,,,,,,,,,,,,,,,,,,,,,,,,,,,,,,,,,,,,,,,,,,,,,,,,,,,,,,,,,,,,,,,,,,,,,,,,,,,,,,,,,,,,,,,,,,,,,,,,,,,,,,,,,,,,,,,,,,,,,,,,,,,,,,,,,,,,,,,,,,,,,,,,,,,,,,,,,,,,,,,,,,,,,,,,,,,,,,,,,,,,,,,,,,,,,,,,,,,,,,,,,,,,,,,,,,,,,,,,,,,,,,,,,,,,,,,,,,,,,,,,,,,,,,,,,,,,,,,,,,,,,,,,,,,,,,,,,,,,,,,,,,,,,,,,,,,,,,,,,,,,,,,,,,,,
,,,,,,,,,,,,,,,,,,,,,,,,,,,,,,,,,,,,,,,,,,,,,,,,,,,,,,,,,,21,Subheader,Player,A65,A66:A77,A,Player names,,,,,,,,,,,,,,,,,,,,,,,,,,,,,,,,,,,,,,,,,,,,,,,,,,,,,,,,,,,,,,,,,,,,,,,,,,,,,,,,,,,,,,,,,,,,,,,,,,,,,,,,,,,,,,,,,,,,,,,,,,,,,,,,,,,,,,,,,,,,,,,,,,,,,,,,,,,,,,,,,,,,,,,,,,,,,,,,,,,,,,,,,,,,,,,,,,,,,,,,,,,,,,,,,,,,,,,,,,,,,,,,,,,,,,,,,,,,,,,,,,,,,,,,,,,,,,,,,,,,,,,,,,,,,,,,,,,,,,,,,,,,,,,,,,,,,,,,,,,,,,,,,,,,,,,,,,,,,,,,,,,,,,,,,,,,,,,,,,,,,,,,,,,,,,,,,,,,,
,,,,,,,,,,,,,,,,,,,,,,,,,,,,,,,,,,,,,,,,,,,,,,,,,,,,,,,,,,21,Subheader,Possessions,B65,B66:B77,B,Possessions logged,,,,,,,,,,,,,,,,,,,,,,,,,,,,,,,,,,,,,,,,,,,,,,,,,,,,,,,,,,,,,,,,,,,,,,,,,,,,,,,,,,,,,,,,,,,,,,,,,,,,,,,,,,,,,,,,,,,,,,,,,,,,,,,,,,,,,,,,,,,,,,,,,,,,,,,,,,,,,,,,,,,,,,,,,,,,,,,,,,,,,,,,,,,,,,,,,,,,,,,,,,,,,,,,,,,,,,,,,,,,,,,,,,,,,,,,,,,,,,,,,,,,,,,,,,,,,,,,,,,,,,,,,,,,,,,,,,,,,,,,,,,,,,,,,,,,,,,,,,,,,,,,,,,,,,,,,,,,,,,,,,,,,,,,,,,,,,,,,,,,,,,,,,,,,,,,,,,,,
,,,,,,,,,,,,,,,,,,,,,,,,,,,,,,,,,,,,,,,,,,,,,,,,,,,,,,,,,,21,Subheader,Positive Total,C65,C66:C77,C,Positive outcomes,,,,,,,,,,,,,,,,,,,,,,,,,,,,,,,,,,,,,,,,,,,,,,,,,,,,,,,,,,,,,,,,,,,,,,,,,,,,,,,,,,,,,,,,,,,,,,,,,,,,,,,,,,,,,,,,,,,,,,,,,,,,,,,,,,,,,,,,,,,,,,,,,,,,,,,,,,,,,,,,,,,,,,,,,,,,,,,,,,,,,,,,,,,,,,,,,,,,,,,,,,,,,,,,,,,,,,,,,,,,,,,,,,,,,,,,,,,,,,,,,,,,,,,,,,,,,,,,,,,,,,,,,,,,,,,,,,,,,,,,,,,,,,,,,,,,,,,,,,,,,,,,,,,,,,,,,,,,,,,,,,,,,,,,,,,,,,,,,,,,,,,,,,,,,,,,,,,,,
,,,,,,,,,,,,,,,,,,,,,,,,,,,,,,,,,,,,,,,,,,,,,,,,,,,,,,,,,,21,Subheader,Negative Total,D65,D66:D77,D,Negative outcomes,,,,,,,,,,,,,,,,,,,,,,,,,,,,,,,,,,,,,,,,,,,,,,,,,,,,,,,,,,,,,,,,,,,,,,,,,,,,,,,,,,,,,,,,,,,,,,,,,,,,,,,,,,,,,,,,,,,,,,,,,,,,,,,,,,,,,,,,,,,,,,,,,,,,,,,,,,,,,,,,,,,,,,,,,,,,,,,,,,,,,,,,,,,,,,,,,,,,,,,,,,,,,,,,,,,,,,,,,,,,,,,,,,,,,,,,,,,,,,,,,,,,,,,,,,,,,,,,,,,,,,,,,,,,,,,,,,,,,,,,,,,,,,,,,,,,,,,,,,,,,,,,,,,,,,,,,,,,,,,,,,,,,,,,,,,,,,,,,,,,,,,,,,,,,,,,,,,,,
,,,,,,,,,,,,,,,,,,,,,,,,,,,,,,,,,,,,,,,,,,,,,,,,,,,,,,,,,,21,Subheader,Net Performance,E65,E66:E77,E,Positives minus negatives,,,,,,,,,,,,,,,,,,,,,,,,,,,,,,,,,,,,,,,,,,,,,,,,,,,,,,,,,,,,,,,,,,,,,,,,,,,,,,,,,,,,,,,,,,,,,,,,,,,,,,,,,,,,,,,,,,,,,,,,,,,,,,,,,,,,,,,,,,,,,,,,,,,,,,,,,,,,,,,,,,,,,,,,,,,,,,,,,,,,,,,,,,,,,,,,,,,,,,,,,,,,,,,,,,,,,,,,,,,,,,,,,,,,,,,,,,,,,,,,,,,,,,,,,,,,,,,,,,,,,,,,,,,,,,,,,,,,,,,,,,,,,,,,,,,,,,,,,,,,,,,,,,,,,,,,,,,,,,,,,,,,,,,,,,,,,,,,,,,,,,,,,,,,,,,,,,,,,
,,,,,,,,,,,,,,,,,,,,,,,,,,,,,,,,,,,,,,,,,,,,,,,,,,,,,,,,,,21,Subheader,PPP,F65,F66:F77,F,Points per possession,,,,,,,,,,,,,,,,,,,,,,,,,,,,,,,,,,,,,,,,,,,,,,,,,,,,,,,,,,,,,,,,,,,,,,,,,,,,,,,,,,,,,,,,,,,,,,,,,,,,,,,,,,,,,,,,,,,,,,,,,,,,,,,,,,,,,,,,,,,,,,,,,,,,,,,,,,,,,,,,,,,,,,,,,,,,,,,,,,,,,,,,,,,,,,,,,,,,,,,,,,,,,,,,,,,,,,,,,,,,,,,,,,,,,,,,,,,,,,,,,,,,,,,,,,,,,,,,,,,,,,,,,,,,,,,,,,,,,,,,,,,,,,,,,,,,,,,,,,,,,,,,,,,,,,,,,,,,,,,,,,,,,,,,,,,,,,,,,,,,,,,,,,,,,,,,,,,,,
,,,,,,,,,,,,,,,,,,,,,,,,,,,,,,,,,,,,,,,,,,,,,,,,,,,,,,,,,,21,Subheader,PPP +/- vs. Season Avg,G65,G66:G77,G,Compared to season average,,,,,,,,,,,,,,,,,,,,,,,,,,,,,,,,,,,,,,,,,,,,,,,,,,,,,,,,,,,,,,,,,,,,,,,,,,,,,,,,,,,,,,,,,,,,,,,,,,,,,,,,,,,,,,,,,,,,,,,,,,,,,,,,,,,,,,,,,,,,,,,,,,,,,,,,,,,,,,,,,,,,,,,,,,,,,,,,,,,,,,,,,,,,,,,,,,,,,,,,,,,,,,,,,,,,,,,,,,,,,,,,,,,,,,,,,,,,,,,,,,,,,,,,,,,,,,,,,,,,,,,,,,,,,,,,,,,,,,,,,,,,,,,,,,,,,,,,,,,,,,,,,,,,,,,,,,,,,,,,,,,,,,,,,,,,,,,,,,,,,,,,,,,,,,,,,,,,,
,,,,,,,,,,,,,,,,,,,,,,,,,,,,,,,,,,,,,,,,,,,,,,,,,,,,,,,,,,21,Subheader,Tip,H65,H66:H77,H,Deflection / tip,,,,,,,,,,,,,,,,,,,,,,,,,,,,,,,,,,,,,,,,,,,,,,,,,,,,,,,,,,,,,,,,,,,,,,,,,,,,,,,,,,,,,,,,,,,,,,,,,,,,,,,,,,,,,,,,,,,,,,,,,,,,,,,,,,,,,,,,,,,,,,,,,,,,,,,,,,,,,,,,,,,,,,,,,,,,,,,,,,,,,,,,,,,,,,,,,,,,,,,,,,,,,,,,,,,,,,,,,,,,,,,,,,,,,,,,,,,,,,,,,,,,,,,,,,,,,,,,,,,,,,,,,,,,,,,,,,,,,,,,,,,,,,,,,,,,,,,,,,,,,,,,,,,,,,,,,,,,,,,,,,,,,,,,,,,,,,,,,,,,,,,,,,,,,,,,,,,,,
,,,,,,,,,,,,,,,,,,,,,,,,,,,,,,,,,,,,,,,,,,,,,,,,,,,,,,,,,,21,Subheader,Steal,I65,I66:I77,I,Steal recorded,,,,,,,,,,,,,,,,,,,,,,,,,,,,,,,,,,,,,,,,,,,,,,,,,,,,,,,,,,,,,,,,,,,,,,,,,,,,,,,,,,,,,,,,,,,,,,,,,,,,,,,,,,,,,,,,,,,,,,,,,,,,,,,,,,,,,,,,,,,,,,,,,,,,,,,,,,,,,,,,,,,,,,,,,,,,,,,,,,,,,,,,,,,,,,,,,,,,,,,,,,,,,,,,,,,,,,,,,,,,,,,,,,,,,,,,,,,,,,,,,,,,,,,,,,,,,,,,,,,,,,,,,,,,,,,,,,,,,,,,,,,,,,,,,,,,,,,,,,,,,,,,,,,,,,,,,,,,,,,,,,,,,,,,,,,,,,,,,,,,,,,,,,,,,,,,,,,,,
,,,,,,,,,,,,,,,,,,,,,,,,,,,,,,,,,,,,,,,,,,,,,,,,,,,,,,,,,,21,Subheader,Block,J65,J66:J77,J,Blocked shot,,,,,,,,,,,,,,,,,,,,,,,,,,,,,,,,,,,,,,,,,,,,,,,,,,,,,,,,,,,,,,,,,,,,,,,,,,,,,,,,,,,,,,,,,,,,,,,,,,,,,,,,,,,,,,,,,,,,,,,,,,,,,,,,,,,,,,,,,,,,,,,,,,,,,,,,,,,,,,,,,,,,,,,,,,,,,,,,,,,,,,,,,,,,,,,,,,,,,,,,,,,,,,,,,,,,,,,,,,,,,,,,,,,,,,,,,,,,,,,,,,,,,,,,,,,,,,,,,,,,,,,,,,,,,,,,,,,,,,,,,,,,,,,,,,,,,,,,,,,,,,,,,,,,,,,,,,,,,,,,,,,,,,,,,,,,,,,,,,,,,,,,,,,,,,,,,,,,,
,,,,,,,,,,,,,,,,,,,,,,,,,,,,,,,,,,,,,,,,,,,,,,,,,,,,,,,,,,21,Subheader,Rebound,K65,K66:K77,K,Defensive rebound,,,,,,,,,,,,,,,,,,,,,,,,,,,,,,,,,,,,,,,,,,,,,,,,,,,,,,,,,,,,,,,,,,,,,,,,,,,,,,,,,,,,,,,,,,,,,,,,,,,,,,,,,,,,,,,,,,,,,,,,,,,,,,,,,,,,,,,,,,,,,,,,,,,,,,,,,,,,,,,,,,,,,,,,,,,,,,,,,,,,,,,,,,,,,,,,,,,,,,,,,,,,,,,,,,,,,,,,,,,,,,,,,,,,,,,,,,,,,,,,,,,,,,,,,,,,,,,,,,,,,,,,,,,,,,,,,,,,,,,,,,,,,,,,,,,,,,,,,,,,,,,,,,,,,,,,,,,,,,,,,,,,,,,,,,,,,,,,,,,,,,,,,,,,,,,,,,,,,
,,,,,,,,,,,,,,,,,,,,,,,,,,,,,,,,,,,,,,,,,,,,,,,,,,,,,,,,,,21,Subheader,Rotation Help,L65,L66:L77,L,Rotational coverage,,,,,,,,,,,,,,,,,,,,,,,,,,,,,,,,,,,,,,,,,,,,,,,,,,,,,,,,,,,,,,,,,,,,,,,,,,,,,,,,,,,,,,,,,,,,,,,,,,,,,,,,,,,,,,,,,,,,,,,,,,,,,,,,,,,,,,,,,,,,,,,,,,,,,,,,,,,,,,,,,,,,,,,,,,,,,,,,,,,,,,,,,,,,,,,,,,,,,,,,,,,,,,,,,,,,,,,,,,,,,,,,,,,,,,,,,,,,,,,,,,,,,,,,,,,,,,,,,,,,,,,,,,,,,,,,,,,,,,,,,,,,,,,,,,,,,,,,,,,,,,,,,,,,,,,,,,,,,,,,,,,,,,,,,,,,,,,,,,,,,,,,,,,,,,,,,,,,,
,,,,,,,,,,,,,,,,,,,,,,,,,,,,,,,,,,,,,,,,,,,,,,,,,,,,,,,,,,21,Subheader,No Ball In Paint,M65,M66:M77,M,Paint prevention effort,,,,,,,,,,,,,,,,,,,,,,,,,,,,,,,,,,,,,,,,,,,,,,,,,,,,,,,,,,,,,,,,,,,,,,,,,,,,,,,,,,,,,,,,,,,,,,,,,,,,,,,,,,,,,,,,,,,,,,,,,,,,,,,,,,,,,,,,,,,,,,,,,,,,,,,,,,,,,,,,,,,,,,,,,,,,,,,,,,,,,,,,,,,,,,,,,,,,,,,,,,,,,,,,,,,,,,,,,,,,,,,,,,,,,,,,,,,,,,,,,,,,,,,,,,,,,,,,,,,,,,,,,,,,,,,,,,,,,,,,,,,,,,,,,,,,,,,,,,,,,,,,,,,,,,,,,,,,,,,,,,,,,,,,,,,,,,,,,,,,,,,,,,,,,,,,,,,,,
,,,,,,,,,,,,,,,,,,,,,,,,,,,,,,,,,,,,,,,,,,,,,,,,,,,,,,,,,,21,Subheader,Contested Shot,N65,N66:N77,N,Contested shot forced,,,,,,,,,,,,,,,,,,,,,,,,,,,,,,,,,,,,,,,,,,,,,,,,,,,,,,,,,,,,,,,,,,,,,,,,,,,,,,,,,,,,,,,,,,,,,,,,,,,,,,,,,,,,,,,,,,,,,,,,,,,,,,,,,,,,,,,,,,,,,,,,,,,,,,,,,,,,,,,,,,,,,,,,,,,,,,,,,,,,,,,,,,,,,,,,,,,,,,,,,,,,,,,,,,,,,,,,,,,,,,,,,,,,,,,,,,,,,,,,,,,,,,,,,,,,,,,,,,,,,,,,,,,,,,,,,,,,,,,,,,,,,,,,,,,,,,,,,,,,,,,,,,,,,,,,,,,,,,,,,,,,,,,,,,,,,,,,,,,,,,,,,,,,,,,,,,,,,
,,,,,,,,,,,,,,,,,,,,,,,,,,,,,,,,,,,,,,,,,,,,,,,,,,,,,,,,,,21,Subheader,Jump Ball,O65,O66:O77,O,Jump ball or tie-up,,,,,,,,,,,,,,,,,,,,,,,,,,,,,,,,,,,,,,,,,,,,,,,,,,,,,,,,,,,,,,,,,,,,,,,,,,,,,,,,,,,,,,,,,,,,,,,,,,,,,,,,,,,,,,,,,,,,,,,,,,,,,,,,,,,,,,,,,,,,,,,,,,,,,,,,,,,,,,,,,,,,,,,,,,,,,,,,,,,,,,,,,,,,,,,,,,,,,,,,,,,,,,,,,,,,,,,,,,,,,,,,,,,,,,,,,,,,,,,,,,,,,,,,,,,,,,,,,,,,,,,,,,,,,,,,,,,,,,,,,,,,,,,,,,,,,,,,,,,,,,,,,,,,,,,,,,,,,,,,,,,,,,,,,,,,,,,,,,,,,,,,,,,,,,,,,,,,,
,,,,,,,,,,,,,,,,,,,,,,,,,,,,,,,,,,,,,,,,,,,,,,,,,,,,,,,,,,21,Subheader,Good Foul,P65,P66:P77,P,Smart / non-shooting foul,,,,,,,,,,,,,,,,,,,,,,,,,,,,,,,,,,,,,,,,,,,,,,,,,,,,,,,,,,,,,,,,,,,,,,,,,,,,,,,,,,,,,,,,,,,,,,,,,,,,,,,,,,,,,,,,,,,,,,,,,,,,,,,,,,,,,,,,,,,,,,,,,,,,,,,,,,,,,,,,,,,,,,,,,,,,,,,,,,,,,,,,,,,,,,,,,,,,,,,,,,,,,,,,,,,,,,,,,,,,,,,,,,,,,,,,,,,,,,,,,,,,,,,,,,,,,,,,,,,,,,,,,,,,,,,,,,,,,,,,,,,,,,,,,,,,,,,,,,,,,,,,,,,,,,,,,,,,,,,,,,,,,,,,,,,,,,,,,,,,,,,,,,,,,,,,,,,,,
,,,,,,,,,,,,,,,,,,,,,,,,,,,,,,,,,,,,,,,,,,,,,,,,,,,,,,,,,,21,Subheader,Charge,Q65,Q66:Q77,Q,Offensive charge taken,,,,,,,,,,,,,,,,,,,,,,,,,,,,,,,,,,,,,,,,,,,,,,,,,,,,,,,,,,,,,,,,,,,,,,,,,,,,,,,,,,,,,,,,,,,,,,,,,,,,,,,,,,,,,,,,,,,,,,,,,,,,,,,,,,,,,,,,,,,,,,,,,,,,,,,,,,,,,,,,,,,,,,,,,,,,,,,,,,,,,,,,,,,,,,,,,,,,,,,,,,,,,,,,,,,,,,,,,,,,,,,,,,,,,,,,,,,,,,,,,,,,,,,,,,,,,,,,,,,,,,,,,,,,,,,,,,,,,,,,,,,,,,,,,,,,,,,,,,,,,,,,,,,,,,,,,,,,,,,,,,,,,,,,,,,,,,,,,,,,,,,,,,,,,,,,,,,,,
,,,,,,,,,,,,,,,,,,,,,,,,,,,,,,,,,,,,,,,,,,,,,,,,,,,,,,,,,,21,Subheader,Audible,R65,R66:R77,R,Defensive communication executed,,,,,,,,,,,,,,,,,,,,,,,,,,,,,,,,,,,,,,,,,,,,,,,,,,,,,,,,,,,,,,,,,,,,,,,,,,,,,,,,,,,,,,,,,,,,,,,,,,,,,,,,,,,,,,,,,,,,,,,,,,,,,,,,,,,,,,,,,,,,,,,,,,,,,,,,,,,,,,,,,,,,,,,,,,,,,,,,,,,,,,,,,,,,,,,,,,,,,,,,,,,,,,,,,,,,,,,,,,,,,,,,,,,,,,,,,,,,,,,,,,,,,,,,,,,,,,,,,,,,,,,,,,,,,,,,,,,,,,,,,,,,,,,,,,,,,,,,,,,,,,,,,,,,,,,,,,,,,,,,,,,,,,,,,,,,,,,,,,,,,,,,,,,,,,,,,,,,,
,,,,,,,,,,,,,,,,,,,,,,,,,,,,,,,,,,,,,,,,,,,,,,,,,,,,,,,,,,21,Subheader,Middle Drive,S65,S66:S77,S,Drive allowed through middle,,,,,,,,,,,,,,,,,,,,,,,,,,,,,,,,,,,,,,,,,,,,,,,,,,,,,,,,,,,,,,,,,,,,,,,,,,,,,,,,,,,,,,,,,,,,,,,,,,,,,,,,,,,,,,,,,,,,,,,,,,,,,,,,,,,,,,,,,,,,,,,,,,,,,,,,,,,,,,,,,,,,,,,,,,,,,,,,,,,,,,,,,,,,,,,,,,,,,,,,,,,,,,,,,,,,,,,,,,,,,,,,,,,,,,,,,,,,,,,,,,,,,,,,,,,,,,,,,,,,,,,,,,,,,,,,,,,,,,,,,,,,,,,,,,,,,,,,,,,,,,,,,,,,,,,,,,,,,,,,,,,,,,,,,,,,,,,,,,,,,,,,,,,,,,,,,,,,,
,,,,,,,,,,,,,,,,,,,,,,,,,,,,,,,,,,,,,,,,,,,,,,,,,,,,,,,,,,21,Subheader,Missed Rotation,T65,T66:T77,T,Missed rotation,,,,,,,,,,,,,,,,,,,,,,,,,,,,,,,,,,,,,,,,,,,,,,,,,,,,,,,,,,,,,,,,,,,,,,,,,,,,,,,,,,,,,,,,,,,,,,,,,,,,,,,,,,,,,,,,,,,,,,,,,,,,,,,,,,,,,,,,,,,,,,,,,,,,,,,,,,,,,,,,,,,,,,,,,,,,,,,,,,,,,,,,,,,,,,,,,,,,,,,,,,,,,,,,,,,,,,,,,,,,,,,,,,,,,,,,,,,,,,,,,,,,,,,,,,,,,,,,,,,,,,,,,,,,,,,,,,,,,,,,,,,,,,,,,,,,,,,,,,,,,,,,,,,,,,,,,,,,,,,,,,,,,,,,,,,,,,,,,,,,,,,,,,,,,,,,,,,,,
,,,,,,,,,,,,,,,,,,,,,,,,,,,,,,,,,,,,,,,,,,,,,,,,,,,,,,,,,,21,Subheader,No Front (High),U65,U66:U77,U,Failed to front high post,,,,,,,,,,,,,,,,,,,,,,,,,,,,,,,,,,,,,,,,,,,,,,,,,,,,,,,,,,,,,,,,,,,,,,,,,,,,,,,,,,,,,,,,,,,,,,,,,,,,,,,,,,,,,,,,,,,,,,,,,,,,,,,,,,,,,,,,,,,,,,,,,,,,,,,,,,,,,,,,,,,,,,,,,,,,,,,,,,,,,,,,,,,,,,,,,,,,,,,,,,,,,,,,,,,,,,,,,,,,,,,,,,,,,,,,,,,,,,,,,,,,,,,,,,,,,,,,,,,,,,,,,,,,,,,,,,,,,,,,,,,,,,,,,,,,,,,,,,,,,,,,,,,,,,,,,,,,,,,,,,,,,,,,,,,,,,,,,,,,,,,,,,,,,,,,,,,,,
,,,,,,,,,,,,,,,,,,,,,,,,,,,,,,,,,,,,,,,,,,,,,,,,,,,,,,,,,,21,Subheader,No Front (Low),V65,V66:V77,V,Failed to front low post,,,,,,,,,,,,,,,,,,,,,,,,,,,,,,,,,,,,,,,,,,,,,,,,,,,,,,,,,,,,,,,,,,,,,,,,,,,,,,,,,,,,,,,,,,,,,,,,,,,,,,,,,,,,,,,,,,,,,,,,,,,,,,,,,,,,,,,,,,,,,,,,,,,,,,,,,,,,,,,,,,,,,,,,,,,,,,,,,,,,,,,,,,,,,,,,,,,,,,,,,,,,,,,,,,,,,,,,,,,,,,,,,,,,,,,,,,,,,,,,,,,,,,,,,,,,,,,,,,,,,,,,,,,,,,,,,,,,,,,,,,,,,,,,,,,,,,,,,,,,,,,,,,,,,,,,,,,,,,,,,,,,,,,,,,,,,,,,,,,,,,,,,,,,,,,,,,,,,
,,,,,,,,,,,,,,,,,,,,,,,,,,,,,,,,,,,,,,,,,,,,,,,,,,,,,,,,,,21,Subheader,Missed REB Duty,W65,W66:W77,W,Failed boxout or rebound duty,,,,,,,,,,,,,,,,,,,,,,,,,,,,,,,,,,,,,,,,,,,,,,,,,,,,,,,,,,,,,,,,,,,,,,,,,,,,,,,,,,,,,,,,,,,,,,,,,,,,,,,,,,,,,,,,,,,,,,,,,,,,,,,,,,,,,,,,,,,,,,,,,,,,,,,,,,,,,,,,,,,,,,,,,,,,,,,,,,,,,,,,,,,,,,,,,,,,,,,,,,,,,,,,,,,,,,,,,,,,,,,,,,,,,,,,,,,,,,,,,,,,,,,,,,,,,,,,,,,,,,,,,,,,,,,,,,,,,,,,,,,,,,,,,,,,,,,,,,,,,,,,,,,,,,,,,,,,,,,,,,,,,,,,,,,,,,,,,,,,,,,,,,,,,,,,,,,,,
,,,,,,,,,,,,,,,,,,,,,,,,,,,,,,,,,,,,,,,,,,,,,,,,,,,,,,,,,,21,Subheader,No Shot Contest,X65,X66:X77,X,No contest given,,,,,,,,,,,,,,,,,,,,,,,,,,,,,,,,,,,,,,,,,,,,,,,,,,,,,,,,,,,,,,,,,,,,,,,,,,,,,,,,,,,,,,,,,,,,,,,,,,,,,,,,,,,,,,,,,,,,,,,,,,,,,,,,,,,,,,,,,,,,,,,,,,,,,,,,,,,,,,,,,,,,,,,,,,,,,,,,,,,,,,,,,,,,,,,,,,,,,,,,,,,,,,,,,,,,,,,,,,,,,,,,,,,,,,,,,,,,,,,,,,,,,,,,,,,,,,,,,,,,,,,,,,,,,,,,,,,,,,,,,,,,,,,,,,,,,,,,,,,,,,,,,,,,,,,,,,,,,,,,,,,,,,,,,,,,,,,,,,,,,,,,,,,,,,,,,,,,,
,,,,,,,,,,,,,,,,,,,,,,,,,,,,,,,,,,,,,,,,,,,,,,,,,,,,,,,,,,21,Subheader,Scored On,Y65,Y66:Y77,Y,Player scored against,,,,,,,,,,,,,,,,,,,,,,,,,,,,,,,,,,,,,,,,,,,,,,,,,,,,,,,,,,,,,,,,,,,,,,,,,,,,,,,,,,,,,,,,,,,,,,,,,,,,,,,,,,,,,,,,,,,,,,,,,,,,,,,,,,,,,,,,,,,,,,,,,,,,,,,,,,,,,,,,,,,,,,,,,,,,,,,,,,,,,,,,,,,,,,,,,,,,,,,,,,,,,,,,,,,,,,,,,,,,,,,,,,,,,,,,,,,,,,,,,,,,,,,,,,,,,,,,,,,,,,,,,,,,,,,,,,,,,,,,,,,,,,,,,,,,,,,,,,,,,,,,,,,,,,,,,,,,,,,,,,,,,,,,,,,,,,,,,,,,,,,,,,,,,,,,,,,,,
,,,,,,,,,,,,,,,,,,,,,,,,,,,,,,,,,,,,,,,,,,,,,,,,,,,,,,,,,,21,Subheader,Bad Foul,Z65,Z66:Z77,Z,Poor or unnecessary foul,,,,,,,,,,,,,,,,,,,,,,,,,,,,,,,,,,,,,,,,,,,,,,,,,,,,,,,,,,,,,,,,,,,,,,,,,,,,,,,,,,,,,,,,,,,,,,,,,,,,,,,,,,,,,,,,,,,,,,,,,,,,,,,,,,,,,,,,,,,,,,,,,,,,,,,,,,,,,,,,,,,,,,,,,,,,,,,,,,,,,,,,,,,,,,,,,,,,,,,,,,,,,,,,,,,,,,,,,,,,,,,,,,,,,,,,,,,,,,,,,,,,,,,,,,,,,,,,,,,,,,,,,,,,,,,,,,,,,,,,,,,,,,,,,,,,,,,,,,,,,,,,,,,,,,,,,,,,,,,,,,,,,,,,,,,,,,,,,,,,,,,,,,,,,,,,,,,,,
,,,,,,,,,,,,,,,,,,,,,,,,,,,,,,,,,,,,,,,,,,,,,,,,,,,,,,,,,,21,Subheader,Failed Audible,AA65,AA66:AA77,AA,Miscommunication on audible,,,,,,,,,,,,,,,,,,,,,,,,,,,,,,,,,,,,,,,,,,,,,,,,,,,,,,,,,,,,,,,,,,,,,,,,,,,,,,,,,,,,,,,,,,,,,,,,,,,,,,,,,,,,,,,,,,,,,,,,,,,,,,,,,,,,,,,,,,,,,,,,,,,,,,,,,,,,,,,,,,,,,,,,,,,,,,,,,,,,,,,,,,,,,,,,,,,,,,,,,,,,,,,,,,,,,,,,,,,,,,,,,,,,,,,,,,,,,,,,,,,,,,,,,,,,,,,,,,,,,,,,,,,,,,,,,,,,,,,,,,,,,,,,,,,,,,,,,,,,,,,,,,,,,,,,,,,,,,,,,,,,,,,,,,,,,,,,,,,,,,,,,,,,,,,,,,,,,
,,,,,,,,,,,,,,,,,,,,,,,,,,,,,,,,,,,,,,,,,,,,,,,,,,,,,,,,,,21,Totals Row,Total,A78:AA78,A78:AA78,A–AA,Summary totals for all categories,,,,,,,,,,,,,,,,,,,,,,,,,,,,,,,,,,,,,,,,,,,,,,,,,,,,,,,,,,,,,,,,,,,,,,,,,,,,,,,,,,,,,,,,,,,,,,,,,,,,,,,,,,,,,,,,,,,,,,,,,,,,,,,,,,,,,,,,,,,,,,,,,,,,,,,,,,,,,,,,,,,,,,,,,,,,,,,,,,,,,,,,,,,,,,,,,,,,,,,,,,,,,,,,,,,,,,,,,,,,,,,,,,,,,,,,,,,,,,,,,,,,,,,,,,,,,,,,,,,,,,,,,,,,,,,,,,,,,,,,,,,,,,,,,,,,,,,,,,,,,,,,,,,,,,,,,,,,,,,,,,,,,,,,,,,,,,,,,,,,,,,,,,,,,,,,,,,,,